chain, residue_label, residue_name, score, zscore, probability, pocket
A,   28, HIS,  2.5236,   0.8297,   0.3142, 0
A,   29, SER,  2.0181,   0.5713,   0.2111, 0
A,   30, HIS,  1.9403,   0.5316,   0.1955, 0
A,   31, GLY,  1.0118,   0.0571,   0.0415, 0
A,   32, LEU,  1.7951,   0.4574,   0.1648, 0
A,   33, PHE,  0.7942,  -0.0541,   0.0233, 27
A,   34, LYS,  1.4899,   0.3014,   0.1080, 0
A,   35, LYS,  0.9927,   0.0473,   0.0395, 0
A,   36, LEU,  1.2357,   0.1715,   0.0683, 0
A,   37, GLY,  0.7267,  -0.0886,   0.0192, 0
A,   38, ILE,  1.6291,   0.3725,   0.1326, 27
A,   39, PRO,  1.4527,   0.2824,   0.1015, 0
A,   40, GLY,  1.3791,   0.2448,   0.0896, 0
A,   41, PRO,  1.8259,   0.4731,   0.1715, 10
A,   42, THR,  1.9455,   0.5342,   0.1967, 10
A,   43, PRO,  1.1140,   0.1093,   0.0527, 0
A,   44, LEU,  1.1925,   0.1494,   0.0623, 0
A,   45, PRO,  0.9729,   0.0372,   0.0376, 0
A,   46, PHE,  2.0784,   0.6021,   0.2233, 0
A,   47, LEU,  0.6231,  -0.1415,   0.0135, 0
A,   48, GLY,  0.0916,  -0.4132,   0.0009, 0
A,   49, ASN,  0.8160,  -0.0430,   0.0247, 10
A,   50, ILE,  1.3911,   0.2509,   0.0914, 1
A,   51, LEU,  0.9042,   0.0021,   0.0312, 15
A,   52, SER,  1.4385,   0.2751,   0.0991, 10
A,   53, TYR,  1.1133,   0.1090,   0.0526, 15
A,   54, HIS,  1.3279,   0.2186,   0.0815, 10
A,   55, LYS,  1.9230,   0.5227,   0.1917, 3
A,   56, GLY,  0.7229,  -0.0906,   0.0190, 3
A,   57, PHE,  4.2243,   1.6988,   0.5785, 1
A,   58, CYS,  0.8528,  -0.0242,   0.0273, 3
A,   59, MET,  1.6028,   0.3591,   0.1280, 3
A,   60, PHE,  0.9106,   0.0054,   0.0318, 10
A,   61, ASP,  0.0000,  -0.4600,   0.0005, 0
A,   62, MET,  1.0901,   0.0971,   0.0500, 3
A,   63, GLU,  1.5496,   0.3319,   0.1185, 10
A,   64, CYS,  0.6996,  -0.1025,   0.0176, 10
A,   65, HIS,  1.6617,   0.3892,   0.1387, 22
A,   66, LYS,  1.3794,   0.2449,   0.0896, 22
A,   67, LYS,  1.3832,   0.2469,   0.0902, 10
A,   68, TYR,  3.1183,   1.1336,   0.4226, 10
A,   69, GLY,  1.9835,   0.5537,   0.2041, 0
A,   70, LYS,  2.8536,   0.9983,   0.3773, 25
A,   71, VAL,  1.4756,   0.2941,   0.1055, 0
A,   72, TRP,  0.0000,  -0.4600,   0.0005, 0
A,   73, GLY,  0.3566,  -0.2777,   0.0045, 0
A,   74, PHE,  0.0000,  -0.4600,   0.0005, 0
A,   75, TYR,  0.0000,  -0.4600,   0.0005, 0
A,   76, ASP,  2.6353,   0.8867,   0.3348, 1
A,   77, GLY,  0.0000,  -0.4600,   0.0005, 0
A,   78, GLN,  2.8335,   0.9880,   0.3733, 1
A,   79, GLN,  2.1951,   0.6618,   0.2483, 1
A,   80, PRO,  1.3640,   0.2371,   0.0873, 0
A,   81, VAL,  0.0000,  -0.4600,   0.0005, 0
A,   82, LEU,  0.3812,  -0.2652,   0.0051, 27
A,   83, ALA,  0.0000,  -0.4600,   0.0005, 0
A,   84, ILE,  0.0000,  -0.4600,   0.0005, 0
A,   85, THR,  0.7089,  -0.0977,   0.0181, 25
A,   86, ASP,  1.4118,   0.2615,   0.0946, 0
A,   87, PRO,  0.9460,   0.0234,   0.0351, 26
A,   88, ASP,  0.8648,  -0.0180,   0.0282, 26
A,   89, MET,  1.3210,   0.2151,   0.0803, 0
A,   90, ILE,  0.0000,  -0.4600,   0.0005, 0
A,   91, LYS,  0.3970,  -0.2571,   0.0055, 12
A,   92, THR,  0.6398,  -0.1330,   0.0144, 0
A,   93, VAL,  0.0000,  -0.4600,   0.0005, 0
A,   94, LEU,  0.2042,  -0.3557,   0.0019, 1
A,   95, VAL,  0.7758,  -0.0635,   0.0223, 12
A,   96, LYS,  1.2078,   0.1572,   0.0644, 0
A,   97, GLU,  0.7526,  -0.0754,   0.0208, 0
A,   98, CYS,  0.0000,  -0.4600,   0.0005, 0
A,   99, TYR,  2.3392,   0.7354,   0.2776, 0
A,  100, SER,  1.2161,   0.1615,   0.0656, 0
A,  101, VAL,  0.7288,  -0.0875,   0.0193, 0
A,  102, PHE,  0.0000,  -0.4600,   0.0005, 0
A,  103, THR,  0.4522,  -0.2289,   0.0071, 0
A,  104, ASN,  1.3284,   0.2189,   0.0816, 0
A,  105, ARG,  6.3185,   2.7690,   0.7628, 1
A,  106, ARG,  7.1506,   3.1942,   0.8063, 1
A,  107, PRO,  3.4459,   1.3010,   0.4689, 1
A,  108, PHE,  4.6848,   1.9341,   0.6284, 1
A,  109, GLY,  1.1333,   0.1192,   0.0550, 0
A,  110, PRO,  0.0000,  -0.4600,   0.0005, 0
A,  111, VAL,  2.6790,   0.9090,   0.3422, 5
A,  112, GLY,  1.9438,   0.5334,   0.1963, 5
A,  113, PHE,  2.9964,   1.0713,   0.4018, 5
A,  114, MET,  1.5579,   0.3361,   0.1200, 5
A,  115, LYS,  1.8997,   0.5108,   0.1868, 0
A,  116, SER,  1.0699,   0.0868,   0.0478, 0
A,  117, ALA,  0.0000,  -0.4600,   0.0005, 0
A,  118, ILE,  2.4964,   0.8157,   0.3091, 1
A,  119, SER,  6.6855,   2.9565,   0.7817, 1
A,  120, ILE,  2.9726,   1.0591,   0.3979, 1
A,  121, ALA,  0.4980,  -0.2055,   0.0085, 0
A,  122, GLU,  2.2607,   0.6953,   0.2609, 0
A,  123, ASP,  1.1878,   0.1470,   0.0616, 0
A,  124, GLU,  1.1958,   0.1511,   0.0627, 0
A,  125, GLU,  1.5520,   0.3331,   0.1189, 0
A,  126, TRP,  1.2047,   0.1557,   0.0640, 1
A,  127, LYS,  1.7410,   0.4297,   0.1536, 0
A,  128, ARG,  2.3868,   0.7598,   0.2872, 0
A,  129, LEU,  0.9641,   0.0327,   0.0368, 0
A,  130, ARG,  2.9387,   1.0418,   0.3920, 0
A,  131, SER,  1.9808,   0.5523,   0.2035, 0
A,  132, LEU,  2.1960,   0.6622,   0.2485, 0
A,  133, LEU,  0.6094,  -0.1485,   0.0129, 0
A,  134, SER,  1.9720,   0.5477,   0.2018, 0
A,  135, PRO,  2.1204,   0.6236,   0.2321, 0
A,  136, THR,  1.4223,   0.2669,   0.0963, 0
A,  137, PHE,  5.3405,   2.2692,   0.6911, 1
A,  138, THR,  1.7945,   0.4570,   0.1647, 21
A,  139, SER,  1.6778,   0.3974,   0.1419, 2
A,  140, GLY,  1.0304,   0.0666,   0.0436, 21
A,  141, LYS,  1.7263,   0.4222,   0.1507, 19
A,  142, LEU,  1.0477,   0.0754,   0.0454, 2
A,  143, LYS,  0.7636,  -0.0698,   0.0216, 0
A,  144, GLU,  0.7207,  -0.0917,   0.0188, 0
A,  145, MET,  0.4999,  -0.2045,   0.0085, 0
A,  146, VAL,  0.6128,  -0.1468,   0.0131, 0
A,  147, PRO,  1.2804,   0.1943,   0.0741, 0
A,  148, ILE,  1.2187,   0.1628,   0.0660, 8
A,  149, ILE,  0.4080,  -0.2515,   0.0058, 0
A,  150, ALA,  0.9194,   0.0099,   0.0325, 0
A,  151, GLN,  2.0719,   0.5988,   0.2219, 8
A,  152, TYR,  1.6555,   0.3860,   0.1375, 0
A,  153, GLY,  0.1763,  -0.3699,   0.0016, 0
A,  154, ASP,  1.0563,   0.0798,   0.0463, 16
A,  155, VAL,  1.4622,   0.2873,   0.1031, 28
A,  156, LEU,  0.5180,  -0.1953,   0.0091, 28
A,  157, VAL,  0.4420,  -0.2341,   0.0068, 16
A,  158, ARG,  1.8575,   0.4893,   0.1783, 16
A,  159, ASN,  1.2326,   0.1699,   0.0679, 28
A,  160, LEU,  0.5493,  -0.1793,   0.0102, 0
A,  161, ARG,  0.9017,   0.0008,   0.0311, 16
A,  162, ARG,  2.3389,   0.7353,   0.2775, 0
A,  163, GLU,  2.7842,   0.9628,   0.3633, 0
A,  164, ALA,  0.6322,  -0.1369,   0.0140, 0
A,  165, GLU,  1.0338,   0.0683,   0.0439, 0
A,  166, THR,  0.8837,  -0.0084,   0.0297, 0
A,  167, GLY,  1.0785,   0.0911,   0.0487, 0
A,  168, LYS,  1.0391,   0.0710,   0.0445, 0
A,  169, PRO,  1.5206,   0.3171,   0.1133, 0
A,  170, VAL,  1.5157,   0.3146,   0.1125, 0
A,  171, THR,  2.5636,   0.8501,   0.3212, 0
A,  172, LEU,  0.8515,  -0.0249,   0.0272, 0
A,  173, LYS,  3.2268,   1.1890,   0.4387, 4
A,  174, ASP,  3.2198,   1.1854,   0.4376, 4
A,  175, VAL,  1.5507,   0.3325,   0.1187, 28
A,  176, PHE,  0.7004,  -0.1020,   0.0176, 0
A,  177, GLY,  1.7356,   0.4269,   0.1525, 4
A,  178, ALA,  2.0407,   0.5829,   0.2157, 4
A,  179, TYR,  1.0145,   0.0585,   0.0418, 0
A,  180, SER,  2.5256,   0.8307,   0.3146, 1
A,  181, MET,  2.1238,   0.6253,   0.2329, 4
A,  182, ASP,  0.7534,  -0.0750,   0.0209, 28
A,  183, VAL,  2.6744,   0.9067,   0.3413, 1
A,  184, ILE,  5.9410,   2.5761,   0.7385, 1
A,  185, THR,  1.2397,   0.1736,   0.0688, 6
A,  186, SER,  0.7665,  -0.0683,   0.0217, 8
A,  187, THR,  3.1655,   1.1577,   0.4294, 0
A,  188, SER,  2.7954,   0.9686,   0.3655, 1
A,  189, PHE,  1.9542,   0.5387,   0.1985, 14
A,  190, GLY,  1.3608,   0.2354,   0.0868, 8
A,  191, VAL,  2.0045,   0.5644,   0.2083, 17
A,  192, ASN,  2.3604,   0.7463,   0.2819, 8
A,  193, ILE,  1.1572,   0.1314,   0.0578, 17
A,  194, ASP,  1.7830,   0.4512,   0.1622, 0
A,  195, SER,  1.8056,   0.4627,   0.1670, 4
A,  196, LEU,  2.5954,   0.8663,   0.3270, 4
A,  197, ASN,  1.4378,   0.2748,   0.0989, 0
A,  198, ASN,  1.1283,   0.1166,   0.0544, 0
A,  199, PRO,  1.0244,   0.0635,   0.0429, 4
A,  200, GLN,  0.6488,  -0.1285,   0.0148, 0
A,  201, ASP,  0.6977,  -0.1034,   0.0175, 17
A,  202, PRO,  0.9502,   0.0256,   0.0355, 0
A,  203, PHE,  3.2752,   1.2138,   0.4458, 6
A,  204, VAL,  1.3157,   0.2124,   0.0794, 4
A,  205, GLU,  0.9748,   0.0382,   0.0378, 0
A,  206, ASN,  1.0200,   0.0613,   0.0424, 0
A,  207, THR,  2.2701,   0.7001,   0.2629, 0
A,  208, LYS,  2.5341,   0.8350,   0.3160, 4
A,  209, LYS,  0.9424,   0.0216,   0.0347, 0
A,  210, LEU,  0.0000,  -0.4600,   0.0005, 0
A,  211, LEU,  1.7627,   0.4408,   0.1580, 4
A,  212, ARG,  9.2257,   4.2547,   0.8869, 1
A,  213, PHE,  5.0283,   2.1097,   0.6624, 1
A,  214, ASP,  1.2170,   0.1619,   0.0658, 11
A,  215, PHE,  9.0924,   4.1865,   0.8831, 1
A,  216, LEU,  1.4726,   0.2926,   0.1049, 1
A,  217, ASP,  0.8036,  -0.0493,   0.0239, 11
A,  218, PRO,  0.5004,  -0.2043,   0.0086, 0
A,  219, PHE,  2.0880,   0.6070,   0.2253, 11
A,  220, PHE,  2.0559,   0.5907,   0.2187, 1
A,  221, LEU,  1.1374,   0.1213,   0.0555, 1
A,  222, PRO,  0.6903,  -0.1072,   0.0170, 0
A,  223, ILE,  1.1124,   0.1085,   0.0525, 1
A,  224, THR,  2.6288,   0.8834,   0.3335, 1
A,  225, VAL,  1.8765,   0.4990,   0.1824, 0
A,  226, PHE,  1.8785,   0.5000,   0.1828, 0
A,  227, PRO,  1.8319,   0.4762,   0.1728, 1
A,  228, PHE,  2.0202,   0.5724,   0.2116, 0
A,  229, LEU,  1.1868,   0.1465,   0.0615, 0
A,  230, ILE,  1.0390,   0.0710,   0.0445, 1
A,  231, PRO,  0.6326,  -0.1367,   0.0140, 0
A,  232, ILE,  0.8003,  -0.0510,   0.0237, 0
A,  233, LEU,  1.1612,   0.1334,   0.0583, 0
A,  234, GLU,  1.3605,   0.2353,   0.0867, 5
A,  235, VAL,  0.6784,  -0.1133,   0.0164, 0
A,  236, LEU,  0.9183,   0.0093,   0.0324, 0
A,  237, ASN,  1.6410,   0.3786,   0.1347, 5
A,  238, ILE,  1.9626,   0.5430,   0.2001, 0
A,  239, CYS,  2.7392,   0.9398,   0.3548, 5
A,  240, VAL,  2.1180,   0.6224,   0.2316, 11
A,  241, PHE,  3.9546,   1.5609,   0.5428, 1
A,  242, PRO,  1.3061,   0.2075,   0.0777, 11
A,  243, ARG,  2.8726,   1.0080,   0.3810, 5
A,  244, GLU,  1.0455,   0.0743,   0.0452, 0
A,  245, VAL,  0.0000,  -0.4600,   0.0005, 0
A,  246, THR,  1.3723,   0.2413,   0.0885, 5
A,  247, ASN,  2.3594,   0.7458,   0.2817, 0
A,  248, PHE,  2.0945,   0.6104,   0.2267, 17
A,  249, LEU,  2.7209,   0.9305,   0.3513, 6
A,  250, ARG,  3.1438,   1.1466,   0.4263, 5
A,  251, LYS,  1.8070,   0.4635,   0.1673, 0
A,  252, SER,  2.7657,   0.9534,   0.3598, 17
A,  253, VAL,  2.8378,   0.9902,   0.3741, 6
A,  254, LYS,  1.2513,   0.1795,   0.0703, 0
A,  255, ARG,  1.8991,   0.5105,   0.1867, 17
A,  256, MET,  3.2531,   1.2025,   0.4429, 17
A,  257, LYS,  0.9395,   0.0201,   0.0344, 20
A,  258, GLU,  0.7822,  -0.0603,   0.0226, 20
A,  259, SER,  1.0043,   0.0533,   0.0407, 0
A,  260, ARG,  1.5377,   0.3258,   0.1163, 14
A,  261, LEU,  1.3122,   0.2106,   0.0788, 14
A,  262, GLU,  1.0730,   0.0883,   0.0482, 20
A,  263, ASP,  0.5544,  -0.1766,   0.0104, 0
A,  264, THR,  1.2006,   0.1535,   0.0634, 0
A,  265, GLN,  0.9697,   0.0355,   0.0373, 0
A,  266, LYS,  1.2910,   0.1998,   0.0755, 14
A,  267, HIS,  2.2141,   0.6715,   0.2523, 14
A,  268, ARG,  2.1266,   0.6268,   0.2335, 8
A,  269, VAL,  0.7188,  -0.0927,   0.0187, 19
A,  270, ASP,  0.4871,  -0.2111,   0.0082, 0
A,  271, PHE,  4.1234,   1.6472,   0.5656, 1
A,  272, LEU,  1.4101,   0.2606,   0.0943, 0
A,  273, GLN,  0.8475,  -0.0269,   0.0269, 14
A,  274, LEU,  1.1801,   0.1431,   0.0606, 19
A,  275, MET,  0.5316,  -0.1883,   0.0095, 0
A,  276, ILE,  0.7951,  -0.0537,   0.0234, 20
A,  277, ASP,  1.8855,   0.5036,   0.1841, 19
A,  278, SER,  1.5009,   0.3070,   0.1099, 19
A,  279, GLN,  1.5443,   0.3292,   0.1175, 20
A,  280, ASN,  2.0555,   0.5904,   0.2186, 20
A,  281, SER,  1.1221,   0.1134,   0.0536, 0
A,  286, SER,  1.5516,   0.3329,   0.1188, 0
A,  287, HIS,  2.2470,   0.6883,   0.2583, 0
A,  288, LYS,  2.4719,   0.8032,   0.3045, 0
A,  289, ALA,  2.0682,   0.5969,   0.2212, 0
A,  290, LEU,  1.4266,   0.2690,   0.0970, 0
A,  291, SER,  1.7540,   0.4364,   0.1562, 0
A,  292, ASP,  1.5371,   0.3255,   0.1162, 20
A,  293, LEU,  1.7967,   0.4582,   0.1651, 5
A,  294, GLU,  2.2303,   0.6798,   0.2553, 0
A,  295, LEU,  0.0000,  -0.4600,   0.0005, 0
A,  296, VAL,  0.6086,  -0.1490,   0.0128, 0
A,  297, ALA,  0.1870,  -0.3645,   0.0017, 0
A,  298, GLN,  0.3810,  -0.2653,   0.0051, 0
A,  299, SER,  2.8445,   0.9937,   0.3755, 1
A,  300, ILE,  1.0280,   0.0654,   0.0433, 6
A,  301, ILE,  4.6930,   1.9383,   0.6294, 1
A,  302, PHE, 11.2457,   5.2870,   0.9371, 1
A,  303, ILE,  5.6511,   2.4279,   0.7172, 1
A,  304, PHE,  4.9011,   2.0446,   0.6514, 1
A,  305, ALA, 18.6026,   9.0466,   0.9909, 1
A,  306, GLY, 14.9899,   7.2004,   0.9795, 1
A,  307, TYR,  7.0575,   3.1466,   0.8011, 4
A,  308, GLU,  2.0328,   0.5789,   0.2141, 7
A,  309, THR, 15.3411,   7.3799,   0.9809, 1
A,  310, THR, 10.5262,   4.9193,   0.9225, 1
A,  311, SER,  1.4080,   0.2595,   0.0940, 7
A,  312, SER,  1.4026,   0.2568,   0.0932, 1
A,  313, VAL,  3.4510,   1.3036,   0.4695, 1
A,  314, LEU,  0.0000,  -0.4600,   0.0005, 0
A,  315, SER,  0.6859,  -0.1095,   0.0168, 7
A,  316, PHE,  0.0000,  -0.4600,   0.0005, 0
A,  317, ILE,  0.0000,  -0.4600,   0.0005, 0
A,  318, MET,  0.0000,  -0.4600,   0.0005, 0
A,  319, TYR,  1.1209,   0.1128,   0.0535, 3
A,  320, GLU,  1.0977,   0.1010,   0.0509, 3
A,  321, LEU,  0.4006,  -0.2553,   0.0056, 0
A,  322, ALA,  0.8845,  -0.0080,   0.0298, 0
A,  323, THR,  1.8683,   0.4948,   0.1807, 3
A,  324, HIS,  2.7343,   0.9373,   0.3538, 3
A,  325, PRO,  1.7779,   0.4486,   0.1612, 0
A,  326, ASP,  1.6795,   0.3983,   0.1423, 18
A,  327, VAL,  1.1316,   0.1183,   0.0548, 18
A,  328, GLN,  1.3305,   0.2199,   0.0820, 0
A,  329, GLN,  1.8764,   0.4989,   0.1824, 0
A,  330, LYS,  0.8371,  -0.0322,   0.0261, 18
A,  331, LEU,  0.0517,  -0.4336,   0.0007, 0
A,  332, GLN,  1.6023,   0.3588,   0.1279, 0
A,  333, GLU,  0.4853,  -0.2120,   0.0081, 0
A,  334, GLU,  0.4309,  -0.2398,   0.0065, 23
A,  335, ILE,  0.0000,  -0.4600,   0.0005, 0
A,  336, ASP,  1.4327,   0.2722,   0.0981, 0
A,  337, ALA,  0.3718,  -0.2700,   0.0048, 0
A,  338, VAL,  0.4978,  -0.2056,   0.0085, 24
A,  339, LEU,  0.5945,  -0.1562,   0.0122, 24
A,  340, PRO,  0.5962,  -0.1553,   0.0122, 24
A,  341, ASN,  0.9602,   0.0307,   0.0365, 0
A,  342, LYS,  1.4192,   0.2653,   0.0958, 16
A,  343, ALA,  0.3393,  -0.2866,   0.0041, 24
A,  344, PRO,  1.0438,   0.0734,   0.0450, 24
A,  345, PRO,  0.9717,   0.0366,   0.0375, 0
A,  346, THR,  1.0114,   0.0569,   0.0415, 0
A,  347, TYR,  1.6988,   0.4082,   0.1457, 2
A,  348, ASP,  0.7550,  -0.0742,   0.0210, 0
A,  349, THR,  0.5545,  -0.1766,   0.0104, 24
A,  350, VAL,  0.7823,  -0.0602,   0.0226, 0
A,  351, LEU,  2.1301,   0.6285,   0.2342, 2
A,  352, GLN,  0.9313,   0.0159,   0.0336, 24
A,  353, MET,  0.8259,  -0.0379,   0.0254, 0
A,  354, GLU,  1.2460,   0.1767,   0.0696, 23
A,  355, TYR,  0.7053,  -0.0996,   0.0179, 18
A,  356, LEU,  0.0000,  -0.4600,   0.0005, 0
A,  357, ASP,  3.2379,   1.1947,   0.4405, 2
A,  358, MET,  0.6797,  -0.1126,   0.0164, 0
A,  359, VAL,  0.2788,  -0.3175,   0.0030, 0
A,  360, VAL,  0.0000,  -0.4600,   0.0005, 0
A,  361, ASN,  3.5627,   1.3607,   0.4848, 2
A,  362, GLU,  0.0000,  -0.4600,   0.0005, 0
A,  363, THR,  0.0000,  -0.4600,   0.0005, 0
A,  364, LEU,  3.7199,   1.4410,   0.5075, 1
A,  365, ARG,  0.0000,  -0.4600,   0.0005, 0
A,  366, LEU,  1.0645,   0.0840,   0.0472, 3
A,  367, PHE,  1.5879,   0.3515,   0.1253, 3
A,  368, PRO,  1.3478,   0.2288,   0.0848, 0
A,  369, ILE,  7.3982,   3.3207,   0.8177, 1
A,  370, ALA,  6.8672,   3.0494,   0.7912, 1
A,  371, MET,  2.5059,   0.8206,   0.3109, 1
A,  372, ARG,  2.7513,   0.9460,   0.3571, 1
A,  373, LEU,  1.3731,   0.2417,   0.0887, 1
A,  374, GLU,  4.5043,   1.8419,   0.6088, 1
A,  375, ARG,  0.9115,   0.0058,   0.0318, 1
A,  376, VAL,  1.6130,   0.3643,   0.1298, 0
A,  377, CYS,  1.0052,   0.0537,   0.0408, 0
A,  378, LYS,  1.9023,   0.5122,   0.1874, 0
A,  379, LYS,  1.0368,   0.0698,   0.0442, 0
A,  380, ASP,  0.6996,  -0.1025,   0.0176, 0
A,  381, VAL,  0.6033,  -0.1517,   0.0126, 0
A,  382, GLU,  1.0205,   0.0615,   0.0425, 0
A,  383, ILE,  0.6728,  -0.1162,   0.0161, 0
A,  384, ASN,  1.8074,   0.4637,   0.1674, 0
A,  385, GLY,  1.2086,   0.1576,   0.0645, 0
A,  386, MET,  1.4187,   0.2650,   0.0957, 0
A,  387, PHE,  1.6019,   0.3586,   0.1279, 0
A,  388, ILE,  0.7558,  -0.0737,   0.0210, 0
A,  389, PRO,  1.0445,   0.0738,   0.0450, 27
A,  390, LYS,  1.6717,   0.3943,   0.1407, 0
A,  391, GLY,  1.8823,   0.5019,   0.1835, 0
A,  392, VAL,  1.2419,   0.1747,   0.0691, 0
A,  393, VAL,  0.4870,  -0.2111,   0.0081, 0
A,  394, VAL,  0.0764,  -0.4209,   0.0008, 0
A,  395, MET,  0.0000,  -0.4600,   0.0005, 0
A,  396, ILE,  0.0764,  -0.4209,   0.0008, 0
A,  397, PRO,  0.0000,  -0.4600,   0.0005, 0
A,  398, SER,  0.0913,  -0.4133,   0.0009, 0
A,  399, TYR,  1.2920,   0.2003,   0.0756, 3
A,  400, ALA,  0.1706,  -0.3728,   0.0015, 22
A,  401, LEU,  0.4234,  -0.2436,   0.0063, 0
A,  402, HIS,  0.0000,  -0.4600,   0.0005, 0
A,  403, ARG,  1.1242,   0.1145,   0.0539, 3
A,  404, ASP,  1.0323,   0.0676,   0.0438, 22
A,  405, PRO,  0.8093,  -0.0464,   0.0243, 22
A,  406, LYS,  2.5897,   0.8634,   0.3260, 25
A,  407, TYR,  2.6054,   0.8715,   0.3290, 9
A,  408, TRP,  1.5660,   0.3403,   0.1215, 9
A,  409, THR,  1.2728,   0.1904,   0.0731, 9
A,  410, GLU,  0.4989,  -0.2050,   0.0085, 0
A,  411, PRO,  0.1798,  -0.3681,   0.0016, 22
A,  412, GLU,  1.4853,   0.2990,   0.1072, 3
A,  413, LYS,  0.9006,   0.0002,   0.0310, 3
A,  414, PHE,  1.6486,   0.3825,   0.1361, 3
A,  415, LEU,  1.8600,   0.4906,   0.1789, 0
A,  416, PRO,  1.0726,   0.0881,   0.0481, 18
A,  417, GLU,  1.3018,   0.2053,   0.0770, 18
A,  418, ARG,  1.0660,   0.0848,   0.0474, 9
A,  419, PHE,  2.9661,   1.0558,   0.3967, 2
A,  420, SER,  0.6131,  -0.1467,   0.0131, 23
A,  421, LYS,  0.6277,  -0.1392,   0.0138, 23
A,  422, LYS,  0.5346,  -0.1868,   0.0096, 0
A,  423, ASN,  1.1594,   0.1325,   0.0581, 9
A,  424, LYS,  2.4381,   0.7860,   0.2980, 2
A,  425, ASP,  0.2454,  -0.3346,   0.0025, 0
A,  426, ASN,  1.5351,   0.3245,   0.1159, 9
A,  427, ILE,  2.2003,   0.6644,   0.2494, 2
A,  428, ASP,  1.2405,   0.1740,   0.0689, 26
A,  429, PRO,  0.7477,  -0.0779,   0.0205, 2
A,  430, TYR,  0.6586,  -0.1234,   0.0153, 12
A,  431, ILE,  1.2436,   0.1755,   0.0693, 0
A,  432, TYR,  3.2345,   1.1929,   0.4400, 2
A,  433, THR,  0.4944,  -0.2073,   0.0084, 0
A,  434, PRO,  5.5168,   2.3593,   0.7066, 1
A,  435, PHE, 10.7782,   5.0480,   0.9272, 1
A,  436, GLY,  1.5264,   0.3201,   0.1144, 1
A,  437, SER,  0.8613,  -0.0199,   0.0279, 1
A,  438, GLY,  1.2005,   0.1535,   0.0634, 12
A,  439, PRO,  1.6050,   0.3602,   0.1284, 12
A,  440, ARG,  2.0670,   0.5963,   0.2209, 1
A,  441, ASN,  4.2219,   1.6975,   0.5783, 1
A,  442, CYS, 16.4979,   7.9710,   0.9851, 1
A,  443, ILE,  8.2661,   3.7643,   0.8534, 1
A,  444, GLY, 14.7205,   7.0627,   0.9774, 1
A,  445, MET, 10.3684,   4.8386,   0.9188, 2
A,  446, ARG,  3.2478,   1.1998,   0.4421, 2
A,  447, PHE,  9.5582,   4.4246,   0.8977, 1
A,  448, ALA, 11.6173,   5.4769,   0.9446, 1
A,  449, LEU,  3.4546,   1.3054,   0.4700, 2
A,  450, MET,  0.6242,  -0.1410,   0.0136, 2
A,  451, ASN,  3.6956,   1.4286,   0.5039, 1
A,  452, MET,  2.3890,   0.7609,   0.2876, 0
A,  453, LYS,  1.3055,   0.2072,   0.0776, 2
A,  454, LEU,  0.1173,  -0.4001,   0.0010, 0
A,  455, ALA,  0.0676,  -0.4254,   0.0008, 0
A,  456, LEU,  0.0000,  -0.4600,   0.0005, 0
A,  457, ILE,  0.0000,  -0.4600,   0.0005, 0
A,  458, ARG,  0.6363,  -0.1348,   0.0142, 16
A,  459, VAL,  0.0000,  -0.4600,   0.0005, 0
A,  460, LEU,  0.0000,  -0.4600,   0.0005, 0
A,  461, GLN,  0.8490,  -0.0261,   0.0270, 0
A,  462, ASN,  0.9026,   0.0013,   0.0311, 16
A,  463, PHE,  0.3307,  -0.2910,   0.0039, 16
A,  464, SER,  1.6738,   0.3954,   0.1411, 0
A,  465, PHE,  0.9060,   0.0030,   0.0314, 0
A,  466, LYS,  1.6438,   0.3800,   0.1352, 0
A,  467, PRO,  1.2655,   0.1867,   0.0722, 0
A,  468, CYS,  0.7825,  -0.0601,   0.0226, 0
A,  469, LYS,  0.7017,  -0.1014,   0.0177, 0
A,  470, GLU,  1.4308,   0.2712,   0.0977, 0
A,  471, THR,  0.6849,  -0.1100,   0.0167, 0
A,  472, GLN,  1.1995,   0.1530,   0.0633, 0
A,  473, ILE,  1.3720,   0.2412,   0.0885, 3
A,  474, PRO,  0.9852,   0.0435,   0.0388, 3
A,  475, LEU,  1.1195,   0.1121,   0.0533, 3
A,  476, LYS,  1.0315,   0.0672,   0.0437, 3
A,  477, LEU,  1.4924,   0.3027,   0.1085, 3
A,  478, SER,  1.2318,   0.1695,   0.0678, 3
A,  479, LEU,  1.9410,   0.5319,   0.1957, 13
A,  480, GLY,  1.1721,   0.1390,   0.0596, 3
A,  481, GLY,  1.9025,   0.5122,   0.1874, 0
A,  482, LEU,  2.4147,   0.7740,   0.2928, 1
A,  483, LEU,  1.4636,   0.2880,   0.1034, 1
A,  484, GLN,  2.8800,   1.0118,   0.3822, 7
A,  485, PRO,  1.3343,   0.2219,   0.0827, 7
A,  486, GLU,  0.9352,   0.0179,   0.0340, 13
A,  487, LYS,  1.5708,   0.3427,   0.1223, 0
A,  488, PRO,  1.3956,   0.2532,   0.0921, 7
A,  489, VAL,  1.0111,   0.0567,   0.0415, 0
A,  490, VAL,  1.0665,   0.0850,   0.0474, 0
A,  491, LEU,  0.0000,  -0.4600,   0.0005, 0
A,  492, LYS,  0.8656,  -0.0176,   0.0283, 0
A,  493, VAL,  0.6200,  -0.1432,   0.0134, 0
A,  494, GLU,  1.0496,   0.0764,   0.0456, 0
A,  495, SER,  1.0386,   0.0708,   0.0444, 16
A,  496, ARG,  2.2334,   0.6813,   0.2558, 16
A,  497, ASP,  1.3392,   0.2244,   0.0835, 16
A,  498, GLY,  0.9247,   0.0126,   0.0330, 16
A,  499, THR,  0.7315,  -0.0862,   0.0195, 0
