,element_type,residue_type,hydrophobic_interactions,hydrogen_bonds,water_bridges,pi_stacks,pi_cation_interactions,halogen_bonds,salt_bridges,metal_complexes,origin_type,complex_code
0,2,0,0,1,0,0,0,0,0,0,lig,CYP3A4-F304A_4192_complex
1,1,6,0,1,0,0,0,0,0,0,prot,CYP3A4-F304A_4192_complex
2,3,0,1,0,0,0,0,0,0,0,lig,CYP3A4-L373V_566440_complex
3,3,2,1,0,0,0,0,0,0,0,prot,CYP3A4-L373V_566440_complex
4,3,0,1,0,0,0,0,0,0,0,lig,CYP3A4-L373V_566440_complex
5,3,10,1,0,0,0,0,0,0,0,prot,CYP3A4-L373V_566440_complex
6,1,0,0,1,0,0,0,0,0,0,lig,CYP3A4-L373V_566440_complex
7,2,2,0,1,0,0,0,0,0,0,prot,CYP3A4-L373V_566440_complex
8,3,0,1,0,0,0,0,0,0,0,lig,CYP3A4-P107S_6013_complex
9,3,1,1,0,0,0,0,0,0,0,prot,CYP3A4-P107S_6013_complex
10,1,0,0,1,0,0,0,0,0,0,lig,CYP3A4-P107S_6013_complex
11,1,6,0,1,0,0,0,0,0,0,prot,CYP3A4-P107S_6013_complex
12,1,0,0,1,0,0,0,0,0,0,lig,CYP3A4-I369F_3035604_complex
13,2,2,0,1,0,0,0,0,0,0,prot,CYP3A4-I369F_3035604_complex
14,1,14,0,1,0,0,0,0,0,0,prot,CYP3A4-I369F_3035604_complex
15,3,0,1,0,0,0,0,0,0,0,lig,CYP3A4.11_6013_complex
16,3,2,1,0,0,0,0,0,0,0,prot,CYP3A4.11_6013_complex
17,3,0,1,0,0,0,0,0,0,0,lig,CYP3A4.11_6013_complex
18,3,1,1,0,0,0,0,0,0,0,prot,CYP3A4.11_6013_complex
19,1,0,0,1,0,0,0,0,0,0,lig,CYP3A4.11_6013_complex
20,1,6,0,1,0,0,0,0,0,0,prot,CYP3A4.11_6013_complex
21,2,0,0,1,0,0,0,0,0,0,lig,CYP3A4-S119A_3035604_complex
22,2,2,0,1,0,0,0,0,0,0,prot,CYP3A4-S119A_3035604_complex
23,2,2,0,1,0,0,0,0,0,0,prot,CYP3A4-S119A_3035604_complex
24,1,0,0,1,0,0,0,0,0,0,lig,CYP3A4-I369V_14403_complex
25,2,2,0,1,0,0,0,0,0,0,prot,CYP3A4-I369V_14403_complex
26,1,0,0,1,0,0,0,0,0,0,lig,CYP3A4-I369V_14403_complex
27,1,14,0,1,0,0,0,0,0,0,prot,CYP3A4-I369V_14403_complex
28,1,0,0,1,0,0,0,0,0,0,lig,CYP3A4-I369V_14403_complex
29,1,16,0,1,0,0,0,0,0,0,prot,CYP3A4-I369V_14403_complex
30,1,0,0,1,0,0,0,0,0,0,lig,CYP3A4-I369V_14403_complex
31,1,20,0,1,0,0,0,0,0,0,prot,CYP3A4-I369V_14403_complex
32,1,11,0,1,0,0,0,0,0,0,prot,CYP3A4-I369V_14403_complex
33,3,0,1,0,0,0,0,0,0,0,lig,CYP3A4.12_5994_complex
34,3,14,1,0,0,0,0,0,0,0,prot,CYP3A4.12_5994_complex
35,3,0,1,0,0,0,0,0,0,0,lig,CYP3A4.12_5994_complex
36,3,14,1,0,0,0,0,0,0,0,prot,CYP3A4.12_5994_complex
37,3,0,1,0,0,0,0,0,0,0,lig,CYP3A4.12_5994_complex
38,3,14,1,0,0,0,0,0,0,0,prot,CYP3A4.12_5994_complex
39,3,13,1,0,0,0,0,0,0,0,prot,CYP3A4.12_5994_complex
40,3,2,1,0,0,0,0,0,0,0,prot,CYP3A4.12_5994_complex
41,2,0,0,1,0,0,0,0,0,0,lig,CYP3A4-T309C_4192_complex
42,2,2,0,1,0,0,0,0,0,0,prot,CYP3A4-T309C_4192_complex
43,1,6,0,1,0,0,0,0,0,0,prot,CYP3A4-T309C_4192_complex
44,3,0,1,0,0,0,0,0,0,0,lig,CYP3A4-T309V_6013_complex
45,3,1,1,0,0,0,0,0,0,0,prot,CYP3A4-T309V_6013_complex
46,1,0,0,1,0,0,0,0,0,0,lig,CYP3A4-T309V_6013_complex
47,2,2,0,1,0,0,0,0,0,0,prot,CYP3A4-T309V_6013_complex
48,3,0,1,0,0,0,0,0,0,0,lig,CYP3A4-C98A_4192_complex
49,3,1,1,0,0,0,0,0,0,0,prot,CYP3A4-C98A_4192_complex
50,2,0,0,1,0,0,0,0,0,0,lig,CYP3A4-C98A_4192_complex
51,1,2,0,1,0,0,0,0,0,0,prot,CYP3A4-C98A_4192_complex
52,1,0,0,1,0,0,0,0,0,0,lig,CYP3A4-S119W_3035604_complex
53,2,2,0,1,0,0,0,0,0,0,prot,CYP3A4-S119W_3035604_complex
54,2,2,0,1,0,0,0,0,0,0,prot,CYP3A4-S119W_3035604_complex
55,3,0,1,0,0,0,0,0,0,0,lig,CYP3A4-I120W_5994_complex
56,3,2,1,0,0,0,0,0,0,0,prot,CYP3A4-I120W_5994_complex
57,3,0,1,0,0,0,0,0,0,0,lig,CYP3A4-I120W_5994_complex
58,3,14,1,0,0,0,0,0,0,0,prot,CYP3A4-I120W_5994_complex
59,3,14,1,0,0,0,0,0,0,0,prot,CYP3A4-I120W_5994_complex
60,3,0,1,0,0,0,0,0,0,0,lig,CYP3A4-I120W_5994_complex
61,3,14,1,0,0,0,0,0,0,0,prot,CYP3A4-I120W_5994_complex
62,3,0,1,0,0,0,0,0,0,0,lig,CYP3A4-I120W_5994_complex
63,3,1,1,0,0,0,0,0,0,0,prot,CYP3A4-I120W_5994_complex
64,3,0,1,0,0,0,0,0,0,0,lig,CYP3A4-I120W_5994_complex
65,3,1,1,0,0,0,0,0,0,0,prot,CYP3A4-I120W_5994_complex
66,1,0,0,1,0,0,0,0,0,0,lig,CYP3A4.3_848780_complex
67,1,16,0,1,0,0,0,0,0,0,prot,CYP3A4.3_848780_complex
68,3,0,1,0,0,0,0,0,0,0,lig,CYP3A4-T309A_5994_complex
69,3,10,1,0,0,0,0,0,0,0,prot,CYP3A4-T309A_5994_complex
70,3,0,1,0,0,0,0,0,0,0,lig,CYP3A4-T309A_5994_complex
71,3,2,1,0,0,0,0,0,0,0,prot,CYP3A4-T309A_5994_complex
72,3,0,1,0,0,0,0,0,0,0,lig,CYP3A4-T309A_5994_complex
73,3,14,1,0,0,0,0,0,0,0,prot,CYP3A4-T309A_5994_complex
74,3,0,1,0,0,0,0,0,0,0,lig,CYP3A4-T309A_5994_complex
75,3,14,1,0,0,0,0,0,0,0,prot,CYP3A4-T309A_5994_complex
76,3,14,1,0,0,0,0,0,0,0,prot,CYP3A4-T309A_5994_complex
77,3,0,1,0,0,0,0,0,0,0,lig,CYP3A4-T309A_5994_complex
78,3,14,1,0,0,0,0,0,0,0,prot,CYP3A4-T309A_5994_complex
79,3,0,1,0,0,0,0,0,0,0,lig,CYP3A4-T309A_5994_complex
80,3,10,1,0,0,0,0,0,0,0,prot,CYP3A4-T309A_5994_complex
81,3,0,1,0,0,0,0,0,0,0,lig,CYP3A4-I301A_566440_complex
82,3,14,1,0,0,0,0,0,0,0,prot,CYP3A4-I301A_566440_complex
83,3,0,1,0,0,0,0,0,0,0,lig,CYP3A4-I301A_566440_complex
84,3,2,1,0,0,0,0,0,0,0,prot,CYP3A4-I301A_566440_complex
85,3,0,1,0,0,0,0,0,0,0,lig,CYP3A4-I301A_566440_complex
86,3,2,1,0,0,0,0,0,0,0,prot,CYP3A4-I301A_566440_complex
87,3,0,1,0,0,0,0,0,0,0,lig,CYP3A4-I301A_566440_complex
88,3,14,1,0,0,0,0,0,0,0,prot,CYP3A4-I301A_566440_complex
89,3,0,1,0,0,0,0,0,0,0,lig,CYP3A4-I301A_566440_complex
90,3,14,1,0,0,0,0,0,0,0,prot,CYP3A4-I301A_566440_complex
91,3,0,1,0,0,0,0,0,0,0,lig,CYP3A4-I301A_566440_complex
92,3,14,1,0,0,0,0,0,0,0,prot,CYP3A4-I301A_566440_complex
93,3,0,1,0,0,0,0,0,0,0,lig,CYP3A4-I301A_566440_complex
94,3,6,1,0,0,0,0,0,0,0,prot,CYP3A4-I301A_566440_complex
95,3,6,1,0,0,0,0,0,0,0,prot,CYP3A4-I301A_566440_complex
96,1,0,0,1,0,0,0,0,0,0,lig,CYP3A4-I301A_566440_complex
97,2,2,0,1,0,0,0,0,0,0,prot,CYP3A4-I301A_566440_complex
98,3,0,1,0,0,0,0,0,0,0,lig,CYP3A4-C98W_4192_complex
99,3,1,1,0,0,0,0,0,0,0,prot,CYP3A4-C98W_4192_complex
100,2,0,0,1,0,0,0,0,0,0,lig,CYP3A4-C98W_4192_complex
101,1,2,0,1,0,0,0,0,0,0,prot,CYP3A4-C98W_4192_complex
102,2,0,0,1,0,0,0,0,0,0,lig,CYP3A4-S119C_4192_complex
103,2,2,0,1,0,0,0,0,0,0,prot,CYP3A4-S119C_4192_complex
104,2,2,0,1,0,0,0,0,0,0,prot,CYP3A4-S119C_4192_complex
105,3,0,1,0,0,0,0,0,0,0,lig,CYP3A4-V376T_6013_complex
106,3,2,1,0,0,0,0,0,0,0,prot,CYP3A4-V376T_6013_complex
107,3,0,1,0,0,0,0,0,0,0,lig,CYP3A4-V376T_6013_complex
108,3,1,1,0,0,0,0,0,0,0,prot,CYP3A4-V376T_6013_complex
109,1,0,0,1,0,0,0,0,0,0,lig,CYP3A4-V376T_6013_complex
110,1,6,0,1,0,0,0,0,0,0,prot,CYP3A4-V376T_6013_complex
111,3,0,1,0,0,0,0,0,0,0,lig,CYP3A4-I369V_6013_complex
112,3,2,1,0,0,0,0,0,0,0,prot,CYP3A4-I369V_6013_complex
113,3,0,1,0,0,0,0,0,0,0,lig,CYP3A4-I369V_6013_complex
114,3,1,1,0,0,0,0,0,0,0,prot,CYP3A4-I369V_6013_complex
115,1,0,0,1,0,0,0,0,0,0,lig,CYP3A4-I369V_6013_complex
116,1,6,0,1,0,0,0,0,0,0,prot,CYP3A4-I369V_6013_complex
117,3,0,1,0,0,0,0,0,0,0,lig,CYP3A4-A305V_5994_complex
118,3,14,1,0,0,0,0,0,0,0,prot,CYP3A4-A305V_5994_complex
119,3,0,1,0,0,0,0,0,0,0,lig,CYP3A4-A305V_5994_complex
120,3,14,1,0,0,0,0,0,0,0,prot,CYP3A4-A305V_5994_complex
121,3,0,1,0,0,0,0,0,0,0,lig,CYP3A4-A305V_5994_complex
122,3,14,1,0,0,0,0,0,0,0,prot,CYP3A4-A305V_5994_complex
123,3,0,1,0,0,0,0,0,0,0,lig,CYP3A4-A305V_5994_complex
124,3,14,1,0,0,0,0,0,0,0,prot,CYP3A4-A305V_5994_complex
125,3,13,1,0,0,0,0,0,0,0,prot,CYP3A4-A305V_5994_complex
126,3,2,1,0,0,0,0,0,0,0,prot,CYP3A4-A305V_5994_complex
127,2,0,0,1,0,0,0,0,0,0,lig,CYP3A4-L373F_4192_complex
128,2,2,0,1,0,0,0,0,0,0,prot,CYP3A4-L373F_4192_complex
129,2,2,0,1,0,0,0,0,0,0,prot,CYP3A4-L373F_4192_complex
130,3,0,1,0,0,0,0,0,0,0,lig,CYP3A4-L373A_4993_complex
131,3,14,1,0,0,0,0,0,0,0,prot,CYP3A4-L373A_4993_complex
132,3,14,1,0,0,0,0,0,0,0,prot,CYP3A4-L373A_4993_complex
133,3,0,1,0,0,0,0,0,0,0,lig,CYP3A4-L373A_4993_complex
134,3,14,1,0,0,0,0,0,0,0,prot,CYP3A4-L373A_4993_complex
135,3,14,1,0,0,0,0,0,0,0,prot,CYP3A4-L373A_4993_complex
136,3,14,1,0,0,0,0,0,0,0,prot,CYP3A4-L373A_4993_complex
137,2,0,0,1,0,0,0,0,0,0,lig,CYP3A4-L373A_4993_complex
138,2,2,0,1,0,0,0,0,0,0,prot,CYP3A4-L373A_4993_complex
139,2,0,0,1,0,0,0,0,0,0,lig,CYP3A4-L373A_4993_complex
140,2,2,0,1,0,0,0,0,0,0,prot,CYP3A4-L373A_4993_complex
141,2,0,0,1,0,0,0,0,0,0,lig,CYP3A4-L373A_4993_complex
142,1,2,0,1,0,0,0,0,0,0,prot,CYP3A4-L373A_4993_complex
143,2,6,0,1,0,0,0,0,0,0,prot,CYP3A4-L373A_4993_complex
144,3,0,1,0,0,0,0,0,0,0,lig,CYP3A4.3_5994_complex
145,3,14,1,0,0,0,0,0,0,0,prot,CYP3A4.3_5994_complex
146,3,0,1,0,0,0,0,0,0,0,lig,CYP3A4.3_5994_complex
147,3,14,1,0,0,0,0,0,0,0,prot,CYP3A4.3_5994_complex
148,3,0,1,0,0,0,0,0,0,0,lig,CYP3A4.3_5994_complex
149,3,14,1,0,0,0,0,0,0,0,prot,CYP3A4.3_5994_complex
150,3,13,1,0,0,0,0,0,0,0,prot,CYP3A4.3_5994_complex
151,3,2,1,0,0,0,0,0,0,0,prot,CYP3A4.3_5994_complex
152,3,0,1,0,0,0,0,0,0,0,lig,CYP3A4-I301A_5994_complex
153,3,14,1,0,0,0,0,0,0,0,prot,CYP3A4-I301A_5994_complex
154,3,0,1,0,0,0,0,0,0,0,lig,CYP3A4-I301A_5994_complex
155,3,14,1,0,0,0,0,0,0,0,prot,CYP3A4-I301A_5994_complex
156,3,0,1,0,0,0,0,0,0,0,lig,CYP3A4-I301A_5994_complex
157,3,14,1,0,0,0,0,0,0,0,prot,CYP3A4-I301A_5994_complex
158,3,13,1,0,0,0,0,0,0,0,prot,CYP3A4-I301A_5994_complex
159,3,2,1,0,0,0,0,0,0,0,prot,CYP3A4-I301A_5994_complex
160,1,0,0,1,0,0,0,0,0,0,lig,CYP3A4.12_848780_complex
161,1,2,0,1,0,0,0,0,0,0,prot,CYP3A4.12_848780_complex
162,1,0,0,1,0,0,0,0,0,0,lig,CYP3A4.12_848780_complex
163,1,16,0,1,0,0,0,0,0,0,prot,CYP3A4.12_848780_complex
164,2,0,0,1,0,0,0,0,0,0,lig,CYP3A4-S312C_4192_complex
165,2,2,0,1,0,0,0,0,0,0,prot,CYP3A4-S312C_4192_complex
166,2,2,0,1,0,0,0,0,0,0,prot,CYP3A4-S312C_4192_complex
167,3,0,1,0,0,0,0,0,0,0,lig,CYP3A4-L373F_5994_complex
168,3,14,1,0,0,0,0,0,0,0,prot,CYP3A4-L373F_5994_complex
169,3,0,1,0,0,0,0,0,0,0,lig,CYP3A4-L373F_5994_complex
170,3,14,1,0,0,0,0,0,0,0,prot,CYP3A4-L373F_5994_complex
171,3,0,1,0,0,0,0,0,0,0,lig,CYP3A4-L373F_5994_complex
172,3,14,1,0,0,0,0,0,0,0,prot,CYP3A4-L373F_5994_complex
173,3,13,1,0,0,0,0,0,0,0,prot,CYP3A4-L373F_5994_complex
174,3,2,1,0,0,0,0,0,0,0,prot,CYP3A4-L373F_5994_complex
175,2,0,0,1,0,0,0,0,0,0,lig,CYP3A4-T309A_3035604_complex
176,2,2,0,1,0,0,0,0,0,0,prot,CYP3A4-T309A_3035604_complex
177,3,0,1,0,0,0,0,0,0,0,lig,CYP3A4-F304A_6013_complex
178,3,2,1,0,0,0,0,0,0,0,prot,CYP3A4-F304A_6013_complex
179,3,0,1,0,0,0,0,0,0,0,lig,CYP3A4-F304A_6013_complex
180,3,1,1,0,0,0,0,0,0,0,prot,CYP3A4-F304A_6013_complex
181,1,0,0,1,0,0,0,0,0,0,lig,CYP3A4-F304A_6013_complex
182,2,2,0,1,0,0,0,0,0,0,prot,CYP3A4-F304A_6013_complex
183,3,0,1,0,0,0,0,0,0,0,lig,CYP3A4.12_6013_complex
184,3,1,1,0,0,0,0,0,0,0,prot,CYP3A4.12_6013_complex
185,1,0,0,1,0,0,0,0,0,0,lig,CYP3A4.12_6013_complex
186,1,6,0,1,0,0,0,0,0,0,prot,CYP3A4.12_6013_complex
187,1,0,0,1,0,0,0,0,0,0,lig,CYP3A4-F304W_11790_complex
188,2,6,0,1,0,0,0,0,0,0,prot,CYP3A4-F304W_11790_complex
189,3,0,1,0,0,0,0,0,0,0,lig,CYP3A4-I120L_6013_complex
190,3,1,1,0,0,0,0,0,0,0,prot,CYP3A4-I120L_6013_complex
191,3,0,1,0,0,0,0,0,0,0,lig,CYP3A4-T363M_6013_complex
192,3,2,1,0,0,0,0,0,0,0,prot,CYP3A4-T363M_6013_complex
193,3,0,1,0,0,0,0,0,0,0,lig,CYP3A4-T363M_6013_complex
194,3,1,1,0,0,0,0,0,0,0,prot,CYP3A4-T363M_6013_complex
195,1,0,0,1,0,0,0,0,0,0,lig,CYP3A4-T363M_6013_complex
196,1,6,0,1,0,0,0,0,0,0,prot,CYP3A4-T363M_6013_complex
197,3,0,1,0,0,0,0,0,0,0,lig,CYP3A4.11_5994_complex
198,3,14,1,0,0,0,0,0,0,0,prot,CYP3A4.11_5994_complex
199,3,0,1,0,0,0,0,0,0,0,lig,CYP3A4.11_5994_complex
200,3,14,1,0,0,0,0,0,0,0,prot,CYP3A4.11_5994_complex
201,3,0,1,0,0,0,0,0,0,0,lig,CYP3A4.11_5994_complex
202,3,14,1,0,0,0,0,0,0,0,prot,CYP3A4.11_5994_complex
203,3,13,1,0,0,0,0,0,0,0,prot,CYP3A4.11_5994_complex
204,3,2,1,0,0,0,0,0,0,0,prot,CYP3A4.11_5994_complex
205,3,0,1,0,0,0,0,0,0,0,lig,CYP3A4-F304W_6013_complex
206,3,14,1,0,0,0,0,0,0,0,prot,CYP3A4-F304W_6013_complex
207,3,0,1,0,0,0,0,0,0,0,lig,CYP3A4-F304W_6013_complex
208,3,18,1,0,0,0,0,0,0,0,prot,CYP3A4-F304W_6013_complex
209,3,0,1,0,0,0,0,0,0,0,lig,CYP3A4-F304W_6013_complex
210,3,1,1,0,0,0,0,0,0,0,prot,CYP3A4-F304W_6013_complex
211,3,0,1,0,0,0,0,0,0,0,lig,CYP3A4-R212A_6013_complex
212,3,14,1,0,0,0,0,0,0,0,prot,CYP3A4-R212A_6013_complex
213,3,0,1,0,0,0,0,0,0,0,lig,CYP3A4-R212A_6013_complex
214,3,1,1,0,0,0,0,0,0,0,prot,CYP3A4-R212A_6013_complex
215,3,0,1,0,0,0,0,0,0,0,lig,CYP3A4-R212A_6013_complex
216,3,14,1,0,0,0,0,0,0,0,prot,CYP3A4-R212A_6013_complex
217,3,14,1,0,0,0,0,0,0,0,prot,CYP3A4-R212A_6013_complex
218,3,0,1,0,0,0,0,0,0,0,lig,CYP3A4-R212A_6013_complex
219,3,14,1,0,0,0,0,0,0,0,prot,CYP3A4-R212A_6013_complex
220,3,0,1,0,0,0,0,0,0,0,lig,CYP3A4-R212A_6013_complex
221,3,17,1,0,0,0,0,0,0,0,prot,CYP3A4-R212A_6013_complex
222,3,10,1,0,0,0,0,0,0,0,prot,CYP3A4-R212A_6013_complex
223,3,11,1,0,0,0,0,0,0,0,prot,CYP3A4-R212A_6013_complex
224,3,0,1,0,0,0,0,0,0,0,lig,CYP3A4-M371I_6013_complex
225,3,2,1,0,0,0,0,0,0,0,prot,CYP3A4-M371I_6013_complex
226,3,0,1,0,0,0,0,0,0,0,lig,CYP3A4-M371I_6013_complex
227,3,1,1,0,0,0,0,0,0,0,prot,CYP3A4-M371I_6013_complex
228,3,0,1,0,0,0,0,0,0,0,lig,CYP3A4-S119V_6013_complex
229,3,20,1,0,0,0,0,0,0,0,prot,CYP3A4-S119V_6013_complex
230,3,0,1,0,0,0,0,0,0,0,lig,CYP3A4-S119V_6013_complex
231,3,1,1,0,0,0,0,0,0,0,prot,CYP3A4-S119V_6013_complex
232,3,0,1,0,0,0,0,0,0,0,lig,CYP3A4-A305V_566440_complex
233,3,2,1,0,0,0,0,0,0,0,prot,CYP3A4-A305V_566440_complex
234,3,0,1,0,0,0,0,0,0,0,lig,CYP3A4-A305V_566440_complex
235,3,10,1,0,0,0,0,0,0,0,prot,CYP3A4-A305V_566440_complex
236,1,0,0,1,0,0,0,0,0,0,lig,CYP3A4-A305V_566440_complex
237,2,2,0,1,0,0,0,0,0,0,prot,CYP3A4-A305V_566440_complex
238,3,0,1,0,0,0,0,0,0,0,lig,CYP3A4-S119A_5994_complex
239,3,2,1,0,0,0,0,0,0,0,prot,CYP3A4-S119A_5994_complex
240,3,0,1,0,0,0,0,0,0,0,lig,CYP3A4-S119A_5994_complex
241,3,14,1,0,0,0,0,0,0,0,prot,CYP3A4-S119A_5994_complex
242,3,0,1,0,0,0,0,0,0,0,lig,CYP3A4-S119A_5994_complex
243,3,14,1,0,0,0,0,0,0,0,prot,CYP3A4-S119A_5994_complex
244,3,0,1,0,0,0,0,0,0,0,lig,CYP3A4-S119A_5994_complex
245,3,10,1,0,0,0,0,0,0,0,prot,CYP3A4-S119A_5994_complex
246,3,14,1,0,0,0,0,0,0,0,prot,CYP3A4-S119A_5994_complex
247,3,0,1,0,0,0,0,0,0,0,lig,CYP3A4-S119A_5994_complex
248,3,14,1,0,0,0,0,0,0,0,prot,CYP3A4-S119A_5994_complex
249,3,0,1,0,0,0,0,0,0,0,lig,CYP3A4-S119A_5994_complex
250,3,14,1,0,0,0,0,0,0,0,prot,CYP3A4-S119A_5994_complex
251,3,14,1,0,0,0,0,0,0,0,prot,CYP3A4-S119A_5994_complex
252,3,14,1,0,0,0,0,0,0,0,prot,CYP3A4-S119A_5994_complex
253,3,0,1,0,0,0,0,0,0,0,lig,CYP3A4-S119A_5994_complex
254,3,6,1,0,0,0,0,0,0,0,prot,CYP3A4-S119A_5994_complex
255,3,0,1,0,0,0,0,0,0,0,lig,CYP3A4.3_6013_complex
256,3,2,1,0,0,0,0,0,0,0,prot,CYP3A4.3_6013_complex
257,3,0,1,0,0,0,0,0,0,0,lig,CYP3A4.3_6013_complex
258,3,1,1,0,0,0,0,0,0,0,prot,CYP3A4.3_6013_complex
259,1,0,0,1,0,0,0,0,0,0,lig,CYP3A4.3_6013_complex
260,2,2,0,1,0,0,0,0,0,0,prot,CYP3A4.3_6013_complex
261,3,0,1,0,0,0,0,0,0,0,lig,CYP3A4-S119A_6013_complex
262,3,2,1,0,0,0,0,0,0,0,prot,CYP3A4-S119A_6013_complex
263,3,0,1,0,0,0,0,0,0,0,lig,CYP3A4-S119A_6013_complex
264,3,1,1,0,0,0,0,0,0,0,prot,CYP3A4-S119A_6013_complex
265,1,0,0,1,0,0,0,0,0,0,lig,CYP3A4-T309V_3035604_complex
266,1,16,0,1,0,0,0,0,0,0,prot,CYP3A4-T309V_3035604_complex
267,2,0,0,1,0,0,0,0,0,0,lig,CYP3A4-T309V_3035604_complex
268,2,2,0,1,0,0,0,0,0,0,prot,CYP3A4-T309V_3035604_complex
269,2,2,0,1,0,0,0,0,0,0,prot,CYP3A4-T309V_3035604_complex
270,3,0,1,0,0,0,0,0,0,0,lig,CYP3A4-I120W_4192_complex
271,3,2,1,0,0,0,0,0,0,0,prot,CYP3A4-I120W_4192_complex
272,3,14,1,0,0,0,0,0,0,0,prot,CYP3A4-I120W_4192_complex
273,3,14,1,0,0,0,0,0,0,0,prot,CYP3A4-I120W_4192_complex
274,2,0,0,1,0,0,0,0,0,0,lig,CYP3A4-I120W_4192_complex
275,2,2,0,1,0,0,0,0,0,0,prot,CYP3A4-I120W_4192_complex
276,1,0,0,1,0,0,0,0,0,0,lig,CYP3A4-S119A_3016_complex
277,2,2,0,1,0,0,0,0,0,0,prot,CYP3A4-S119A_3016_complex
278,3,0,1,0,0,0,0,0,0,0,lig,CYP3A4-R212A_5994_complex
279,3,14,1,0,0,0,0,0,0,0,prot,CYP3A4-R212A_5994_complex
280,3,0,1,0,0,0,0,0,0,0,lig,CYP3A4-R212A_5994_complex
281,3,1,1,0,0,0,0,0,0,0,prot,CYP3A4-R212A_5994_complex
282,3,0,1,0,0,0,0,0,0,0,lig,CYP3A4-R212A_5994_complex
283,3,14,1,0,0,0,0,0,0,0,prot,CYP3A4-R212A_5994_complex
284,3,14,1,0,0,0,0,0,0,0,prot,CYP3A4-R212A_5994_complex
285,3,0,1,0,0,0,0,0,0,0,lig,CYP3A4-R212A_5994_complex
286,3,14,1,0,0,0,0,0,0,0,prot,CYP3A4-R212A_5994_complex
287,3,0,1,0,0,0,0,0,0,0,lig,CYP3A4-R212A_5994_complex
288,3,17,1,0,0,0,0,0,0,0,prot,CYP3A4-R212A_5994_complex
289,3,0,1,0,0,0,0,0,0,0,lig,CYP3A4-R212A_5994_complex
290,3,10,1,0,0,0,0,0,0,0,prot,CYP3A4-R212A_5994_complex
291,3,10,1,0,0,0,0,0,0,0,prot,CYP3A4-R212A_5994_complex
292,3,11,1,0,0,0,0,0,0,0,prot,CYP3A4-R212A_5994_complex
293,3,0,1,0,0,0,0,0,0,0,lig,CYP3A4-T103A_5994_complex
294,3,14,1,0,0,0,0,0,0,0,prot,CYP3A4-T103A_5994_complex
295,3,0,1,0,0,0,0,0,0,0,lig,CYP3A4-T103A_5994_complex
296,3,14,1,0,0,0,0,0,0,0,prot,CYP3A4-T103A_5994_complex
297,3,0,1,0,0,0,0,0,0,0,lig,CYP3A4-T103A_5994_complex
298,3,14,1,0,0,0,0,0,0,0,prot,CYP3A4-T103A_5994_complex
299,3,13,1,0,0,0,0,0,0,0,prot,CYP3A4-T103A_5994_complex
300,3,2,1,0,0,0,0,0,0,0,prot,CYP3A4-T103A_5994_complex
301,3,0,1,0,0,0,0,0,0,0,lig,CYP3A4-S119L_6013_complex
302,3,14,1,0,0,0,0,0,0,0,prot,CYP3A4-S119L_6013_complex
303,3,0,1,0,0,0,0,0,0,0,lig,CYP3A4-S119L_6013_complex
304,3,2,1,0,0,0,0,0,0,0,prot,CYP3A4-S119L_6013_complex
305,3,0,1,0,0,0,0,0,0,0,lig,CYP3A4-S119L_6013_complex
306,3,14,1,0,0,0,0,0,0,0,prot,CYP3A4-S119L_6013_complex
307,3,0,1,0,0,0,0,0,0,0,lig,CYP3A4-S119L_6013_complex
308,3,14,1,0,0,0,0,0,0,0,prot,CYP3A4-S119L_6013_complex
309,3,0,1,0,0,0,0,0,0,0,lig,CYP3A4-S119L_6013_complex
310,3,1,1,0,0,0,0,0,0,0,prot,CYP3A4-S119L_6013_complex
311,3,0,1,0,0,0,0,0,0,0,lig,CYP3A4-S119L_6013_complex
312,3,2,1,0,0,0,0,0,0,0,prot,CYP3A4-S119L_6013_complex
313,3,6,1,0,0,0,0,0,0,0,prot,CYP3A4-S119L_6013_complex
314,3,11,1,0,0,0,0,0,0,0,prot,CYP3A4-S119L_6013_complex
315,1,0,0,1,0,0,0,0,0,0,lig,CYP3A4-V376T_14403_complex
316,2,2,0,1,0,0,0,0,0,0,prot,CYP3A4-V376T_14403_complex
317,1,0,0,1,0,0,0,0,0,0,lig,CYP3A4-V376T_14403_complex
318,1,16,0,1,0,0,0,0,0,0,prot,CYP3A4-V376T_14403_complex
319,3,0,1,0,0,0,0,0,0,0,lig,CYP3A4-A305G_6013_complex
320,3,1,1,0,0,0,0,0,0,0,prot,CYP3A4-A305G_6013_complex
321,1,0,0,1,0,0,0,0,0,0,lig,CYP3A4-A305G_6013_complex
322,2,2,0,1,0,0,0,0,0,0,prot,CYP3A4-A305G_6013_complex
323,3,0,1,0,0,0,0,0,0,0,lig,CYP3A4-S119L_5994_complex
324,3,2,1,0,0,0,0,0,0,0,prot,CYP3A4-S119L_5994_complex
325,3,0,1,0,0,0,0,0,0,0,lig,CYP3A4-S119L_5994_complex
326,3,14,1,0,0,0,0,0,0,0,prot,CYP3A4-S119L_5994_complex
327,3,0,1,0,0,0,0,0,0,0,lig,CYP3A4-S119L_5994_complex
328,3,17,1,0,0,0,0,0,0,0,prot,CYP3A4-S119L_5994_complex
329,3,0,1,0,0,0,0,0,0,0,lig,CYP3A4-S119L_5994_complex
330,3,10,1,0,0,0,0,0,0,0,prot,CYP3A4-S119L_5994_complex
331,3,10,1,0,0,0,0,0,0,0,prot,CYP3A4-S119L_5994_complex
332,3,0,1,0,0,0,0,0,0,0,lig,CYP3A4-S119L_5994_complex
333,3,1,1,0,0,0,0,0,0,0,prot,CYP3A4-S119L_5994_complex
334,3,0,1,0,0,0,0,0,0,0,lig,CYP3A4-S119L_5994_complex
335,3,11,1,0,0,0,0,0,0,0,prot,CYP3A4-S119L_5994_complex
336,1,0,0,1,0,0,0,0,0,0,lig,CYP3A4-S119L_5994_complex
337,2,2,0,1,0,0,0,0,0,0,prot,CYP3A4-S119L_5994_complex
338,1,0,0,1,0,0,0,0,0,0,lig,CYP3A4-S119L_5994_complex
339,1,16,0,1,0,0,0,0,0,0,prot,CYP3A4-S119L_5994_complex
340,1,0,0,1,0,0,0,0,0,0,lig,CYP3A4-L373F_3035604_complex
341,2,2,0,1,0,0,0,0,0,0,prot,CYP3A4-L373F_3035604_complex
342,3,0,1,0,0,0,0,0,0,0,lig,CYP3A4-I301F_3016_complex
343,3,14,1,0,0,0,0,0,0,0,prot,CYP3A4-I301F_3016_complex
344,3,0,1,0,0,0,0,0,0,0,lig,CYP3A4.3_2730_complex
345,3,14,1,0,0,0,0,0,0,0,prot,CYP3A4.3_2730_complex
346,3,0,1,0,0,0,0,0,0,0,lig,CYP3A4.3_2730_complex
347,3,14,1,0,0,0,0,0,0,0,prot,CYP3A4.3_2730_complex
348,3,14,1,0,0,0,0,0,0,0,prot,CYP3A4.3_2730_complex
349,3,0,1,0,0,0,0,0,0,0,lig,CYP3A4.3_2730_complex
350,3,1,1,0,0,0,0,0,0,0,prot,CYP3A4.3_2730_complex
351,2,0,0,1,0,0,0,0,0,0,lig,CYP3A4.3_2730_complex
352,2,2,0,1,0,0,0,0,0,0,prot,CYP3A4.3_2730_complex
353,3,0,1,0,0,0,0,0,0,0,lig,CYP3A4-A370F_55245_complex
354,3,2,1,0,0,0,0,0,0,0,prot,CYP3A4-A370F_55245_complex
355,3,0,1,0,0,0,0,0,0,0,lig,CYP3A4-A370F_55245_complex
356,3,14,1,0,0,0,0,0,0,0,prot,CYP3A4-A370F_55245_complex
357,3,0,1,0,0,0,0,0,0,0,lig,CYP3A4-A370F_55245_complex
358,3,14,1,0,0,0,0,0,0,0,prot,CYP3A4-A370F_55245_complex
359,3,0,1,0,0,0,0,0,0,0,lig,CYP3A4-A370F_55245_complex
360,3,14,1,0,0,0,0,0,0,0,prot,CYP3A4-A370F_55245_complex
361,3,0,1,0,0,0,0,0,0,0,lig,CYP3A4-A370F_55245_complex
362,3,14,1,0,0,0,0,0,0,0,prot,CYP3A4-A370F_55245_complex
363,3,11,1,0,0,0,0,0,0,0,prot,CYP3A4-A370F_55245_complex
364,2,0,0,1,0,0,0,0,0,0,lig,CYP3A4-A370F_55245_complex
365,1,6,0,1,0,0,0,0,0,0,prot,CYP3A4-A370F_55245_complex
366,3,0,1,0,0,0,0,0,0,0,lig,CYP3A4-I301W_5994_complex
367,3,2,1,0,0,0,0,0,0,0,prot,CYP3A4-I301W_5994_complex
368,3,0,1,0,0,0,0,0,0,0,lig,CYP3A4-I301W_5994_complex
369,3,14,1,0,0,0,0,0,0,0,prot,CYP3A4-I301W_5994_complex
370,3,0,1,0,0,0,0,0,0,0,lig,CYP3A4-I301W_5994_complex
371,3,14,1,0,0,0,0,0,0,0,prot,CYP3A4-I301W_5994_complex
372,3,0,1,0,0,0,0,0,0,0,lig,CYP3A4-I301W_5994_complex
373,3,10,1,0,0,0,0,0,0,0,prot,CYP3A4-I301W_5994_complex
374,3,14,1,0,0,0,0,0,0,0,prot,CYP3A4-I301W_5994_complex
375,3,0,1,0,0,0,0,0,0,0,lig,CYP3A4-I301W_5994_complex
376,3,14,1,0,0,0,0,0,0,0,prot,CYP3A4-I301W_5994_complex
377,3,0,1,0,0,0,0,0,0,0,lig,CYP3A4-I301W_5994_complex
378,3,14,1,0,0,0,0,0,0,0,prot,CYP3A4-I301W_5994_complex
379,3,14,1,0,0,0,0,0,0,0,prot,CYP3A4-I301W_5994_complex
380,3,0,1,0,0,0,0,0,0,0,lig,CYP3A4-I301W_5994_complex
381,3,18,1,0,0,0,0,0,0,0,prot,CYP3A4-I301W_5994_complex
382,3,14,1,0,0,0,0,0,0,0,prot,CYP3A4-I301W_5994_complex
383,3,0,1,0,0,0,0,0,0,0,lig,CYP3A4-I301W_5994_complex
384,3,6,1,0,0,0,0,0,0,0,prot,CYP3A4-I301W_5994_complex
385,1,0,0,1,0,0,0,0,0,0,lig,CYP3A4-I301W_5994_complex
386,1,16,0,1,0,0,0,0,0,0,prot,CYP3A4-I301W_5994_complex
387,3,0,1,0,0,0,0,0,0,0,lig,CYP3A4-S119T_5994_complex
388,3,2,1,0,0,0,0,0,0,0,prot,CYP3A4-S119T_5994_complex
389,3,0,1,0,0,0,0,0,0,0,lig,CYP3A4-S119T_5994_complex
390,3,14,1,0,0,0,0,0,0,0,prot,CYP3A4-S119T_5994_complex
391,3,0,1,0,0,0,0,0,0,0,lig,CYP3A4-S119T_5994_complex
392,3,14,1,0,0,0,0,0,0,0,prot,CYP3A4-S119T_5994_complex
393,3,0,1,0,0,0,0,0,0,0,lig,CYP3A4-S119T_5994_complex
394,3,17,1,0,0,0,0,0,0,0,prot,CYP3A4-S119T_5994_complex
395,3,10,1,0,0,0,0,0,0,0,prot,CYP3A4-S119T_5994_complex
396,3,14,1,0,0,0,0,0,0,0,prot,CYP3A4-S119T_5994_complex
397,3,0,1,0,0,0,0,0,0,0,lig,CYP3A4-S119T_5994_complex
398,3,14,1,0,0,0,0,0,0,0,prot,CYP3A4-S119T_5994_complex
399,3,0,1,0,0,0,0,0,0,0,lig,CYP3A4-S119T_5994_complex
400,3,14,1,0,0,0,0,0,0,0,prot,CYP3A4-S119T_5994_complex
401,3,14,1,0,0,0,0,0,0,0,prot,CYP3A4-S119T_5994_complex
402,3,14,1,0,0,0,0,0,0,0,prot,CYP3A4-S119T_5994_complex
403,3,0,1,0,0,0,0,0,0,0,lig,CYP3A4-S119T_5994_complex
404,3,6,1,0,0,0,0,0,0,0,prot,CYP3A4-S119T_5994_complex
405,3,0,1,0,0,0,0,0,0,0,lig,CYP3A4-F304W_566440_complex
406,3,2,1,0,0,0,0,0,0,0,prot,CYP3A4-F304W_566440_complex
407,3,0,1,0,0,0,0,0,0,0,lig,CYP3A4-F304W_566440_complex
408,3,14,1,0,0,0,0,0,0,0,prot,CYP3A4-F304W_566440_complex
409,3,0,1,0,0,0,0,0,0,0,lig,CYP3A4-F304W_566440_complex
410,3,14,1,0,0,0,0,0,0,0,prot,CYP3A4-F304W_566440_complex
411,3,0,1,0,0,0,0,0,0,0,lig,CYP3A4-F304W_566440_complex
412,3,10,1,0,0,0,0,0,0,0,prot,CYP3A4-F304W_566440_complex
413,3,14,1,0,0,0,0,0,0,0,prot,CYP3A4-F304W_566440_complex
414,3,18,1,0,0,0,0,0,0,0,prot,CYP3A4-F304W_566440_complex
415,3,0,1,0,0,0,0,0,0,0,lig,CYP3A4-S119F_5994_complex
416,3,2,1,0,0,0,0,0,0,0,prot,CYP3A4-S119F_5994_complex
417,3,0,1,0,0,0,0,0,0,0,lig,CYP3A4-S119F_5994_complex
418,3,14,1,0,0,0,0,0,0,0,prot,CYP3A4-S119F_5994_complex
419,3,0,1,0,0,0,0,0,0,0,lig,CYP3A4-S119F_5994_complex
420,3,17,1,0,0,0,0,0,0,0,prot,CYP3A4-S119F_5994_complex
421,3,0,1,0,0,0,0,0,0,0,lig,CYP3A4-S119F_5994_complex
422,3,10,1,0,0,0,0,0,0,0,prot,CYP3A4-S119F_5994_complex
423,3,10,1,0,0,0,0,0,0,0,prot,CYP3A4-S119F_5994_complex
424,3,0,1,0,0,0,0,0,0,0,lig,CYP3A4-S119F_5994_complex
425,3,1,1,0,0,0,0,0,0,0,prot,CYP3A4-S119F_5994_complex
426,3,0,1,0,0,0,0,0,0,0,lig,CYP3A4-S119F_5994_complex
427,3,11,1,0,0,0,0,0,0,0,prot,CYP3A4-S119F_5994_complex
428,1,0,0,1,0,0,0,0,0,0,lig,CYP3A4-S119F_5994_complex
429,1,16,0,1,0,0,0,0,0,0,prot,CYP3A4-S119F_5994_complex
430,3,0,1,0,0,0,0,0,0,0,lig,CYP3A4-F304A_5994_complex
431,3,14,1,0,0,0,0,0,0,0,prot,CYP3A4-F304A_5994_complex
432,3,0,1,0,0,0,0,0,0,0,lig,CYP3A4-F304A_5994_complex
433,3,14,1,0,0,0,0,0,0,0,prot,CYP3A4-F304A_5994_complex
434,3,0,1,0,0,0,0,0,0,0,lig,CYP3A4-F304A_5994_complex
435,3,14,1,0,0,0,0,0,0,0,prot,CYP3A4-F304A_5994_complex
436,3,0,1,0,0,0,0,0,0,0,lig,CYP3A4-F304A_5994_complex
437,3,14,1,0,0,0,0,0,0,0,prot,CYP3A4-F304A_5994_complex
438,3,13,1,0,0,0,0,0,0,0,prot,CYP3A4-F304A_5994_complex
439,3,2,1,0,0,0,0,0,0,0,prot,CYP3A4-F304A_5994_complex
440,1,0,0,1,0,0,0,0,0,0,lig,CYP3A4-A370F_3035604_complex
441,2,2,0,1,0,0,0,0,0,0,prot,CYP3A4-A370F_3035604_complex
442,2,0,0,1,0,0,0,0,0,0,lig,CYP3A4-A370F_3035604_complex
443,1,16,0,1,0,0,0,0,0,0,prot,CYP3A4-A370F_3035604_complex
444,3,0,1,0,0,0,0,0,0,0,lig,CYP3A4-I301A_6013_complex
445,3,1,1,0,0,0,0,0,0,0,prot,CYP3A4-I301A_6013_complex
446,1,0,0,1,0,0,0,0,0,0,lig,CYP3A4-I301A_6013_complex
447,1,6,0,1,0,0,0,0,0,0,prot,CYP3A4-I301A_6013_complex
448,3,0,1,0,0,0,0,0,0,0,lig,CYP3A4-N104D_5994_complex
449,3,14,1,0,0,0,0,0,0,0,prot,CYP3A4-N104D_5994_complex
450,3,0,1,0,0,0,0,0,0,0,lig,CYP3A4-N104D_5994_complex
451,3,14,1,0,0,0,0,0,0,0,prot,CYP3A4-N104D_5994_complex
452,3,0,1,0,0,0,0,0,0,0,lig,CYP3A4-N104D_5994_complex
453,3,14,1,0,0,0,0,0,0,0,prot,CYP3A4-N104D_5994_complex
454,3,13,1,0,0,0,0,0,0,0,prot,CYP3A4-N104D_5994_complex
455,3,2,1,0,0,0,0,0,0,0,prot,CYP3A4-N104D_5994_complex
456,1,0,0,1,0,0,0,0,0,0,lig,CYP3A4-A305S_3016_complex
457,2,2,0,1,0,0,0,0,0,0,prot,CYP3A4-A305S_3016_complex
458,1,0,0,1,0,0,0,0,0,0,lig,CYP3A4-A305F_3035604_complex
459,2,2,0,1,0,0,0,0,0,0,prot,CYP3A4-A305F_3035604_complex
460,2,0,0,1,0,0,0,0,0,0,lig,CYP3A4-A305F_3035604_complex
461,1,16,0,1,0,0,0,0,0,0,prot,CYP3A4-A305F_3035604_complex
462,2,2,0,1,0,0,0,0,0,0,prot,CYP3A4-A305F_3035604_complex
463,2,2,0,1,0,0,0,0,0,0,prot,CYP3A4-A305F_3035604_complex
464,3,0,1,0,0,0,0,0,0,0,lig,CYP3A4-A305G_566440_complex
465,3,2,1,0,0,0,0,0,0,0,prot,CYP3A4-A305G_566440_complex
466,3,0,1,0,0,0,0,0,0,0,lig,CYP3A4-A305G_566440_complex
467,3,14,1,0,0,0,0,0,0,0,prot,CYP3A4-A305G_566440_complex
468,3,0,1,0,0,0,0,0,0,0,lig,CYP3A4-A305G_566440_complex
469,3,10,1,0,0,0,0,0,0,0,prot,CYP3A4-A305G_566440_complex
470,3,0,1,0,0,0,0,0,0,0,lig,CYP3A4-A305G_566440_complex
471,3,14,1,0,0,0,0,0,0,0,prot,CYP3A4-A305G_566440_complex
472,1,0,0,1,0,0,0,0,0,0,lig,CYP3A4-A305G_566440_complex
473,2,2,0,1,0,0,0,0,0,0,prot,CYP3A4-A305G_566440_complex
474,3,0,1,0,0,0,0,0,0,0,lig,CYP3A4-I369V_4993_complex
475,3,2,1,0,0,0,0,0,0,0,prot,CYP3A4-I369V_4993_complex
476,3,0,1,0,0,0,0,0,0,0,lig,CYP3A4-I369V_4993_complex
477,3,14,1,0,0,0,0,0,0,0,prot,CYP3A4-I369V_4993_complex
478,3,14,1,0,0,0,0,0,0,0,prot,CYP3A4-I369V_4993_complex
479,3,14,1,0,0,0,0,0,0,0,prot,CYP3A4-I369V_4993_complex
480,3,14,1,0,0,0,0,0,0,0,prot,CYP3A4-I369V_4993_complex
481,3,14,1,0,0,0,0,0,0,0,prot,CYP3A4-I369V_4993_complex
482,2,0,0,1,0,0,0,0,0,0,lig,CYP3A4-I369V_4993_complex
483,2,2,0,1,0,0,0,0,0,0,prot,CYP3A4-I369V_4993_complex
484,2,0,0,1,0,0,0,0,0,0,lig,CYP3A4-I369V_4993_complex
485,2,2,0,1,0,0,0,0,0,0,prot,CYP3A4-I369V_4993_complex
486,2,0,0,1,0,0,0,0,0,0,lig,CYP3A4-I369V_4993_complex
487,1,2,0,1,0,0,0,0,0,0,prot,CYP3A4-I369V_4993_complex
488,2,0,0,1,0,0,0,0,0,0,lig,CYP3A4-I369V_4993_complex
489,1,6,0,1,0,0,0,0,0,0,prot,CYP3A4-I369V_4993_complex
490,2,6,0,1,0,0,0,0,0,0,prot,CYP3A4-I369V_4993_complex
491,3,0,1,0,0,0,0,0,0,0,lig,CYP3A4-I369V_566440_complex
492,3,2,1,0,0,0,0,0,0,0,prot,CYP3A4-I369V_566440_complex
493,3,0,1,0,0,0,0,0,0,0,lig,CYP3A4-I369V_566440_complex
494,3,10,1,0,0,0,0,0,0,0,prot,CYP3A4-I369V_566440_complex
495,1,0,0,1,0,0,0,0,0,0,lig,CYP3A4-I369V_566440_complex
496,2,2,0,1,0,0,0,0,0,0,prot,CYP3A4-I369V_566440_complex
497,3,0,1,0,0,0,0,0,0,0,lig,CYP3A4-A370V_4993_complex
498,3,14,1,0,0,0,0,0,0,0,prot,CYP3A4-A370V_4993_complex
499,3,14,1,0,0,0,0,0,0,0,prot,CYP3A4-A370V_4993_complex
500,3,0,1,0,0,0,0,0,0,0,lig,CYP3A4-A370V_4993_complex
501,3,14,1,0,0,0,0,0,0,0,prot,CYP3A4-A370V_4993_complex
502,3,14,1,0,0,0,0,0,0,0,prot,CYP3A4-A370V_4993_complex
503,3,14,1,0,0,0,0,0,0,0,prot,CYP3A4-A370V_4993_complex
504,2,0,0,1,0,0,0,0,0,0,lig,CYP3A4-A370V_4993_complex
505,2,2,0,1,0,0,0,0,0,0,prot,CYP3A4-A370V_4993_complex
506,2,0,0,1,0,0,0,0,0,0,lig,CYP3A4-A370V_4993_complex
507,2,2,0,1,0,0,0,0,0,0,prot,CYP3A4-A370V_4993_complex
508,2,0,0,1,0,0,0,0,0,0,lig,CYP3A4-A370V_4993_complex
509,1,2,0,1,0,0,0,0,0,0,prot,CYP3A4-A370V_4993_complex
510,2,0,0,1,0,0,0,0,0,0,lig,CYP3A4-A370V_4993_complex
511,1,6,0,1,0,0,0,0,0,0,prot,CYP3A4-A370V_4993_complex
512,2,6,0,1,0,0,0,0,0,0,prot,CYP3A4-A370V_4993_complex
513,3,0,1,0,0,0,0,0,0,0,lig,CYP3A4-A305G_5994_complex
514,3,14,1,0,0,0,0,0,0,0,prot,CYP3A4-A305G_5994_complex
515,3,0,1,0,0,0,0,0,0,0,lig,CYP3A4-A305G_5994_complex
516,3,14,1,0,0,0,0,0,0,0,prot,CYP3A4-A305G_5994_complex
517,3,0,1,0,0,0,0,0,0,0,lig,CYP3A4-A305G_5994_complex
518,3,14,1,0,0,0,0,0,0,0,prot,CYP3A4-A305G_5994_complex
519,3,0,1,0,0,0,0,0,0,0,lig,CYP3A4-A305G_5994_complex
520,3,14,1,0,0,0,0,0,0,0,prot,CYP3A4-A305G_5994_complex
521,3,13,1,0,0,0,0,0,0,0,prot,CYP3A4-A305G_5994_complex
522,3,2,1,0,0,0,0,0,0,0,prot,CYP3A4-A305G_5994_complex
523,3,0,1,0,0,0,0,0,0,0,lig,CYP3A4-S119F_3016_complex
524,3,14,1,0,0,0,0,0,0,0,prot,CYP3A4-S119F_3016_complex
525,3,0,1,0,0,0,0,0,0,0,lig,CYP3A4-I301F_5994_complex
526,3,14,1,0,0,0,0,0,0,0,prot,CYP3A4-I301F_5994_complex
527,3,0,1,0,0,0,0,0,0,0,lig,CYP3A4-I301F_5994_complex
528,3,14,1,0,0,0,0,0,0,0,prot,CYP3A4-I301F_5994_complex
529,3,0,1,0,0,0,0,0,0,0,lig,CYP3A4-I301F_5994_complex
530,3,14,1,0,0,0,0,0,0,0,prot,CYP3A4-I301F_5994_complex
531,3,13,1,0,0,0,0,0,0,0,prot,CYP3A4-I301F_5994_complex
532,3,2,1,0,0,0,0,0,0,0,prot,CYP3A4-I301F_5994_complex
533,3,0,1,0,0,0,0,0,0,0,lig,CYP3A4-C98F_4192_complex
534,3,1,1,0,0,0,0,0,0,0,prot,CYP3A4-C98F_4192_complex
535,2,0,0,1,0,0,0,0,0,0,lig,CYP3A4-C98F_4192_complex
536,1,2,0,1,0,0,0,0,0,0,prot,CYP3A4-C98F_4192_complex
537,3,0,1,0,0,0,0,0,0,0,lig,CYP3A4-I301A_3016_complex
538,3,2,1,0,0,0,0,0,0,0,prot,CYP3A4-I301A_3016_complex
539,3,14,1,0,0,0,0,0,0,0,prot,CYP3A4-I301A_3016_complex
540,3,14,1,0,0,0,0,0,0,0,prot,CYP3A4-I301A_3016_complex
541,1,0,0,1,0,0,0,0,0,0,lig,CYP3A4-M371I_14403_complex
542,2,2,0,1,0,0,0,0,0,0,prot,CYP3A4-M371I_14403_complex
543,1,0,0,1,0,0,0,0,0,0,lig,CYP3A4-M371I_14403_complex
544,2,2,0,1,0,0,0,0,0,0,prot,CYP3A4-M371I_14403_complex
545,1,0,0,1,0,0,0,0,0,0,lig,CYP3A4-M371I_14403_complex
546,1,16,0,1,0,0,0,0,0,0,prot,CYP3A4-M371I_14403_complex
547,1,0,0,1,0,0,0,0,0,0,lig,CYP3A4-M371I_14403_complex
548,1,10,0,1,0,0,0,0,0,0,prot,CYP3A4-M371I_14403_complex
549,3,0,1,0,0,0,0,0,0,0,lig,CYP3A4-A305G_4993_complex
550,3,1,1,0,0,0,0,0,0,0,prot,CYP3A4-A305G_4993_complex
551,3,0,1,0,0,0,0,0,0,0,lig,CYP3A4-A305G_4993_complex
552,3,6,1,0,0,0,0,0,0,0,prot,CYP3A4-A305G_4993_complex
553,2,0,0,1,0,0,0,0,0,0,lig,CYP3A4-A305G_4993_complex
554,2,2,0,1,0,0,0,0,0,0,prot,CYP3A4-A305G_4993_complex
555,2,0,0,1,0,0,0,0,0,0,lig,CYP3A4-A305G_4993_complex
556,2,2,0,1,0,0,0,0,0,0,prot,CYP3A4-A305G_4993_complex
557,2,0,0,1,0,0,0,0,0,0,lig,CYP3A4-A305G_4993_complex
558,2,2,0,1,0,0,0,0,0,0,prot,CYP3A4-A305G_4993_complex
559,3,0,1,0,0,0,0,0,0,0,lig,CYP3A4-I120F_5994_complex
560,3,2,1,0,0,0,0,0,0,0,prot,CYP3A4-I120F_5994_complex
561,3,0,1,0,0,0,0,0,0,0,lig,CYP3A4-I120F_5994_complex
562,3,2,1,0,0,0,0,0,0,0,prot,CYP3A4-I120F_5994_complex
563,3,14,1,0,0,0,0,0,0,0,prot,CYP3A4-I120F_5994_complex
564,3,14,1,0,0,0,0,0,0,0,prot,CYP3A4-I120F_5994_complex
565,3,0,1,0,0,0,0,0,0,0,lig,CYP3A4-I120F_5994_complex
566,3,14,1,0,0,0,0,0,0,0,prot,CYP3A4-I120F_5994_complex
567,3,0,1,0,0,0,0,0,0,0,lig,CYP3A4-I120F_5994_complex
568,3,1,1,0,0,0,0,0,0,0,prot,CYP3A4-I120F_5994_complex
569,1,0,0,1,0,0,0,0,0,0,lig,CYP3A4-I120F_5994_complex
570,2,2,0,1,0,0,0,0,0,0,prot,CYP3A4-I120F_5994_complex
571,1,6,0,1,0,0,0,0,0,0,prot,CYP3A4-I120F_5994_complex
572,3,0,1,0,0,0,0,0,0,0,lig,CYP3A4-A370V_566440_complex
573,3,2,1,0,0,0,0,0,0,0,prot,CYP3A4-A370V_566440_complex
574,3,0,1,0,0,0,0,0,0,0,lig,CYP3A4-A370V_566440_complex
575,3,10,1,0,0,0,0,0,0,0,prot,CYP3A4-A370V_566440_complex
576,3,0,1,0,0,0,0,0,0,0,lig,CYP3A4-A370V_566440_complex
577,3,10,1,0,0,0,0,0,0,0,prot,CYP3A4-A370V_566440_complex
578,3,0,1,0,0,0,0,0,0,0,lig,CYP3A4-A370V_566440_complex
579,3,14,1,0,0,0,0,0,0,0,prot,CYP3A4-A370V_566440_complex
580,1,0,0,1,0,0,0,0,0,0,lig,CYP3A4-A370V_566440_complex
581,2,2,0,1,0,0,0,0,0,0,prot,CYP3A4-A370V_566440_complex
582,3,0,1,0,0,0,0,0,0,0,lig,CYP3A4-S119T_6013_complex
583,3,2,1,0,0,0,0,0,0,0,prot,CYP3A4-S119T_6013_complex
584,3,0,1,0,0,0,0,0,0,0,lig,CYP3A4-S119T_6013_complex
585,3,17,1,0,0,0,0,0,0,0,prot,CYP3A4-S119T_6013_complex
586,3,0,1,0,0,0,0,0,0,0,lig,CYP3A4-S119T_6013_complex
587,3,1,1,0,0,0,0,0,0,0,prot,CYP3A4-S119T_6013_complex
588,1,0,0,1,0,0,0,0,0,0,lig,CYP3A4-S119T_6013_complex
589,2,2,0,1,0,0,0,0,0,0,prot,CYP3A4-S119T_6013_complex
590,3,0,1,0,0,0,0,0,0,0,lig,CYP3A4-L373H_566440_complex
591,3,2,1,0,0,0,0,0,0,0,prot,CYP3A4-L373H_566440_complex
592,3,0,1,0,0,0,0,0,0,0,lig,CYP3A4-L373H_566440_complex
593,3,10,1,0,0,0,0,0,0,0,prot,CYP3A4-L373H_566440_complex
594,3,0,1,0,0,0,0,0,0,0,lig,CYP3A4-L373H_566440_complex
595,3,10,1,0,0,0,0,0,0,0,prot,CYP3A4-L373H_566440_complex
596,3,0,1,0,0,0,0,0,0,0,lig,CYP3A4-L373H_566440_complex
597,3,14,1,0,0,0,0,0,0,0,prot,CYP3A4-L373H_566440_complex
598,1,0,0,1,0,0,0,0,0,0,lig,CYP3A4-L373H_566440_complex
599,2,2,0,1,0,0,0,0,0,0,prot,CYP3A4-L373H_566440_complex
600,3,0,1,0,0,0,0,0,0,0,lig,CYP3A4-T309A_6013_complex
601,3,14,1,0,0,0,0,0,0,0,prot,CYP3A4-T309A_6013_complex
602,3,0,1,0,0,0,0,0,0,0,lig,CYP3A4-T309A_6013_complex
603,3,2,1,0,0,0,0,0,0,0,prot,CYP3A4-T309A_6013_complex
604,3,0,1,0,0,0,0,0,0,0,lig,CYP3A4-T309A_6013_complex
605,3,14,1,0,0,0,0,0,0,0,prot,CYP3A4-T309A_6013_complex
606,3,0,1,0,0,0,0,0,0,0,lig,CYP3A4-T309A_6013_complex
607,3,14,1,0,0,0,0,0,0,0,prot,CYP3A4-T309A_6013_complex
608,3,14,1,0,0,0,0,0,0,0,prot,CYP3A4-T309A_6013_complex
609,3,0,1,0,0,0,0,0,0,0,lig,CYP3A4-T309A_6013_complex
610,3,14,1,0,0,0,0,0,0,0,prot,CYP3A4-T309A_6013_complex
611,3,0,1,0,0,0,0,0,0,0,lig,CYP3A4-T309A_6013_complex
612,3,10,1,0,0,0,0,0,0,0,prot,CYP3A4-T309A_6013_complex
613,3,0,1,0,0,0,0,0,0,0,lig,CYP3A4-T309F_4192_complex
614,3,10,1,0,0,0,0,0,0,0,prot,CYP3A4-T309F_4192_complex
615,3,1,1,0,0,0,0,0,0,0,prot,CYP3A4-T309F_4192_complex
616,3,0,1,0,0,0,0,0,0,0,lig,CYP3A4-T309F_4192_complex
617,3,14,1,0,0,0,0,0,0,0,prot,CYP3A4-T309F_4192_complex
618,3,1,1,0,0,0,0,0,0,0,prot,CYP3A4-T309F_4192_complex
619,2,0,0,1,0,0,0,0,0,0,lig,CYP3A4-T309F_4192_complex
620,2,2,0,1,0,0,0,0,0,0,prot,CYP3A4-T309F_4192_complex
621,2,0,0,1,0,0,0,0,0,0,lig,CYP3A4-T309F_4192_complex
622,1,1,0,1,0,0,0,0,0,0,prot,CYP3A4-T309F_4192_complex
623,3,0,1,0,0,0,0,0,0,0,lig,CYP3A4-A305V_6013_complex
624,3,20,1,0,0,0,0,0,0,0,prot,CYP3A4-A305V_6013_complex
625,3,0,1,0,0,0,0,0,0,0,lig,CYP3A4-A305V_6013_complex
626,3,1,1,0,0,0,0,0,0,0,prot,CYP3A4-A305V_6013_complex
627,2,0,0,1,0,0,0,0,0,0,lig,CYP3A4-A370C_4192_complex
628,2,2,0,1,0,0,0,0,0,0,prot,CYP3A4-A370C_4192_complex
629,1,6,0,1,0,0,0,0,0,0,prot,CYP3A4-A370C_4192_complex
630,3,0,1,0,0,0,0,0,0,0,lig,CYP3A4-F304A_566440_complex
631,3,14,1,0,0,0,0,0,0,0,prot,CYP3A4-F304A_566440_complex
632,3,0,1,0,0,0,0,0,0,0,lig,CYP3A4-F304A_566440_complex
633,3,2,1,0,0,0,0,0,0,0,prot,CYP3A4-F304A_566440_complex
634,3,0,1,0,0,0,0,0,0,0,lig,CYP3A4-F304A_566440_complex
635,3,14,1,0,0,0,0,0,0,0,prot,CYP3A4-F304A_566440_complex
636,3,0,1,0,0,0,0,0,0,0,lig,CYP3A4-F304A_566440_complex
637,3,14,1,0,0,0,0,0,0,0,prot,CYP3A4-F304A_566440_complex
638,3,0,1,0,0,0,0,0,0,0,lig,CYP3A4-F304A_566440_complex
639,3,14,1,0,0,0,0,0,0,0,prot,CYP3A4-F304A_566440_complex
640,3,0,1,0,0,0,0,0,0,0,lig,CYP3A4-F304A_566440_complex
641,3,14,1,0,0,0,0,0,0,0,prot,CYP3A4-F304A_566440_complex
642,3,0,1,0,0,0,0,0,0,0,lig,CYP3A4-F304A_566440_complex
643,3,6,1,0,0,0,0,0,0,0,prot,CYP3A4-F304A_566440_complex
644,3,0,1,0,0,0,0,0,0,0,lig,CYP3A4-F304A_566440_complex
645,3,6,1,0,0,0,0,0,0,0,prot,CYP3A4-F304A_566440_complex
646,1,0,0,1,0,0,0,0,0,0,lig,CYP3A4-F304A_566440_complex
647,2,2,0,1,0,0,0,0,0,0,prot,CYP3A4-F304A_566440_complex
648,3,0,1,0,0,0,0,0,0,0,lig,CYP3A4-T433S_6013_complex
649,3,2,1,0,0,0,0,0,0,0,prot,CYP3A4-T433S_6013_complex
650,3,0,1,0,0,0,0,0,0,0,lig,CYP3A4-T433S_6013_complex
651,3,1,1,0,0,0,0,0,0,0,prot,CYP3A4-T433S_6013_complex
652,1,0,0,1,0,0,0,0,0,0,lig,CYP3A4-T433S_6013_complex
653,2,2,0,1,0,0,0,0,0,0,prot,CYP3A4-T433S_6013_complex
654,3,0,1,0,0,0,0,0,0,0,lig,CYP3A4-A305V_4993_complex
655,3,2,1,0,0,0,0,0,0,0,prot,CYP3A4-A305V_4993_complex
656,3,0,1,0,0,0,0,0,0,0,lig,CYP3A4-A305V_4993_complex
657,3,14,1,0,0,0,0,0,0,0,prot,CYP3A4-A305V_4993_complex
658,3,10,1,0,0,0,0,0,0,0,prot,CYP3A4-A305V_4993_complex
659,3,14,1,0,0,0,0,0,0,0,prot,CYP3A4-A305V_4993_complex
660,3,14,1,0,0,0,0,0,0,0,prot,CYP3A4-A305V_4993_complex
661,3,14,1,0,0,0,0,0,0,0,prot,CYP3A4-A305V_4993_complex
662,3,14,1,0,0,0,0,0,0,0,prot,CYP3A4-A305V_4993_complex
663,2,0,0,1,0,0,0,0,0,0,lig,CYP3A4-A305V_4993_complex
664,2,2,0,1,0,0,0,0,0,0,prot,CYP3A4-A305V_4993_complex
665,2,0,0,1,0,0,0,0,0,0,lig,CYP3A4-A305V_4993_complex
666,2,2,0,1,0,0,0,0,0,0,prot,CYP3A4-A305V_4993_complex
667,2,0,0,1,0,0,0,0,0,0,lig,CYP3A4-A305V_4993_complex
668,1,2,0,1,0,0,0,0,0,0,prot,CYP3A4-A305V_4993_complex
669,2,0,0,1,0,0,0,0,0,0,lig,CYP3A4-A305V_4993_complex
670,1,6,0,1,0,0,0,0,0,0,prot,CYP3A4-A305V_4993_complex
671,2,6,0,1,0,0,0,0,0,0,prot,CYP3A4-A305V_4993_complex
672,1,0,0,1,0,0,0,0,0,0,lig,CYP3A4-I120L_14403_complex
673,2,2,0,1,0,0,0,0,0,0,prot,CYP3A4-I120L_14403_complex
674,1,0,0,1,0,0,0,0,0,0,lig,CYP3A4-I120L_14403_complex
675,1,14,0,1,0,0,0,0,0,0,prot,CYP3A4-I120L_14403_complex
676,1,0,0,1,0,0,0,0,0,0,lig,CYP3A4-I120L_14403_complex
677,1,16,0,1,0,0,0,0,0,0,prot,CYP3A4-I120L_14403_complex
678,3,0,1,0,0,0,0,0,0,0,lig,CYP3A4-S119A_55245_complex
679,3,1,1,0,0,0,0,0,0,0,prot,CYP3A4-S119A_55245_complex
680,3,0,1,0,0,0,0,0,0,0,lig,CYP3A4-S119A_55245_complex
681,3,14,1,0,0,0,0,0,0,0,prot,CYP3A4-S119A_55245_complex
682,3,0,1,0,0,0,0,0,0,0,lig,CYP3A4-S119A_55245_complex
683,3,10,1,0,0,0,0,0,0,0,prot,CYP3A4-S119A_55245_complex
684,3,14,1,0,0,0,0,0,0,0,prot,CYP3A4-S119A_55245_complex
685,1,0,0,1,0,0,0,0,0,0,lig,CYP3A4-S119A_55245_complex
686,2,2,0,1,0,0,0,0,0,0,prot,CYP3A4-S119A_55245_complex
687,3,0,1,0,0,0,0,0,0,0,lig,CYP3A4-F304W_4192_complex
688,3,2,1,0,0,0,0,0,0,0,prot,CYP3A4-F304W_4192_complex
689,3,14,1,0,0,0,0,0,0,0,prot,CYP3A4-F304W_4192_complex
690,3,14,1,0,0,0,0,0,0,0,prot,CYP3A4-F304W_4192_complex
691,2,0,0,1,0,0,0,0,0,0,lig,CYP3A4-F304W_4192_complex
692,2,2,0,1,0,0,0,0,0,0,prot,CYP3A4-F304W_4192_complex
